-- AUTOMATICALLY GENERATED DATA SCRIPT

-- Comprehensive Data Population Script
-- This script populates all tables with at least 10 diverse records

-- Clear existing data (in correct order to respect foreign keys)
SET FOREIGN_KEY_CHECKS = 0;
TRUNCATE TABLE placement_student;
TRUNCATE TABLE students;
TRUNCATE TABLE placement;
TRUNCATE TABLE organisation;
TRUNCATE TABLE specialisation;
TRUNCATE TABLE domains;
TRUNCATE TABLE departments;
SET FOREIGN_KEY_CHECKS = 1;

-- Insert Departments (10 records)
INSERT INTO departments (id, name, capacity) VALUES
(1, 'Computer Science', 120),
(2, 'Electronics', 100),
(3, 'Mathematics', 80),
(4, 'Physics', 70),
(5, 'Data Science', 90),
(6, 'Artificial Intelligence', 85),
(7, 'Cybersecurity', 75),
(8, 'Mechanical Engineering', 95),
(9, 'Civil Engineering', 88),
(10, 'Chemical Engineering', 82);

-- Insert Domains (10 records)
INSERT INTO domains (id, program, batch) VALUES
(1, 'B.Tech', '2020-2024'),
(2, 'M.Tech', '2022-2024'),
(3, 'B.Tech', '2021-2025'),
(4, 'M.Tech', '2023-2025'),
(5, 'B.Sc', '2020-2023'),
(6, 'M.Sc', '2022-2024'),
(7, 'B.Tech', '2019-2023'),
(8, 'M.Tech', '2021-2023'),
(9, 'PhD', '2020-2025'),
(10, 'B.Tech', '2022-2026');

-- Insert Specialisation (10 records)
INSERT INTO specialisation (id, code, name, description, credits_req, year) VALUES
(1, 'CS101', 'Machine Learning', 'Advanced ML techniques', 24, 2024),
(2, 'EC201', 'VLSI Design', 'Chip design and fabrication', 22, 2024),
(3, 'MA301', 'Applied Mathematics', 'Real-world math applications', 20, 2024),
(4, 'DS401', 'Big Data Analytics', 'Large-scale data processing', 26, 2024),
(5, 'AI501', 'Deep Learning', 'Neural networks and AI', 28, 2024),
(6, 'CY601', 'Network Security', 'Cybersecurity fundamentals', 24, 2024),
(7, 'CS701', 'Cloud Computing', 'Distributed systems', 22, 2024),
(8, 'DS801', 'Data Mining', 'Pattern recognition', 20, 2024),
(9, 'AI901', 'Computer Vision', 'Image processing and AI', 26, 2024),
(10, 'CS1001', 'Blockchain', 'Distributed ledger technology', 24, 2024);

-- Insert Organisation (15 records)
INSERT INTO organisation (id, org, address) VALUES
(1, 'Google', 'Mountain View, CA'),
(2, 'Microsoft', 'Redmond, WA'),
(3, 'Amazon', 'Seattle, WA'),
(4, 'Apple', 'Cupertino, CA'),
(5, 'Meta', 'Menlo Park, CA'),
(6, 'Netflix', 'Los Gatos, CA'),
(7, 'Tesla', 'Palo Alto, CA'),
(8, 'IBM', 'Armonk, NY'),
(9, 'Oracle', 'Austin, TX'),
(10, 'Adobe', 'San Jose, CA'),
(11, 'Salesforce', 'San Francisco, CA'),
(12, 'Intel', 'Santa Clara, CA'),
(13, 'NVIDIA', 'Santa Clara, CA'),
(14, 'Cisco', 'San Jose, CA'),
(15, 'SAP', 'Walldorf, Germany');

-- Insert Placement (15 records)
INSERT INTO placement (id, org, profile, description, intake, min_grade, ctc) VALUES
(1, 'Google', 'Software Engineer', 'Full-stack development', 10, 8.0, 24.5),
(2, 'Microsoft', 'Cloud Engineer', 'Azure development', 8, 7.5, 22.0),
(3, 'Amazon', 'SDE-1', 'Backend development', 12, 7.8, 18.5),
(4, 'Apple', 'iOS Developer', 'Mobile app development', 6, 8.2, 20.0),
(5, 'Meta', 'Data Scientist', 'ML and analytics', 7, 8.5, 25.0),
(6, 'Netflix', 'DevOps Engineer', 'Infrastructure automation', 5, 7.9, 28.0),
(7, 'Tesla', 'AI Engineer', 'Autonomous systems', 4, 8.7, 21.5),
(8, 'IBM', 'Consultant', 'Enterprise solutions', 10, 7.0, 12.0),
(9, 'Oracle', 'Database Developer', 'Database management', 8, 7.3, 14.5),
(10, 'Adobe', 'UI/UX Designer', 'Creative design', 6, 7.5, 16.0),
(11, 'Salesforce', 'CRM Developer', 'Salesforce platform', 9, 7.6, 15.5),
(12, 'Intel', 'Hardware Engineer', 'Chip design', 7, 8.0, 13.5),
(13, 'NVIDIA', 'GPU Engineer', 'Graphics processing', 5, 8.4, 19.0),
(14, 'Cisco', 'Network Engineer', 'Network infrastructure', 8, 7.4, 11.0),
(15, 'SAP', 'ERP Consultant', 'Business solutions', 10, 7.2, 10.5);

-- Insert Placement_Filter (15 records)
INSERT INTO placement_filter (id, place_id, specialisation, domain) VALUES
(1, 1, 1, 1),
(2, 2, 1, 1),
(3, 3, 1, 1),
(4, 4, 1, 1),
(5, 5, 4, 5),
(6, 6, 6, 7),
(7, 7, 5, 6),
(8, 8, 1, 1),
(9, 9, 2, 2),
(10, 10, 8, 5),
(11, 11, 1, 1),
(12, 12, 2, 2),
(13, 13, 9, 6),
(14, 14, 2, 2),
(15, 15, 4, 5);



-- FIXED STUDENTS DATA (Org Names replaced with IDs)
INSERT INTO students (id,cgpa,total_credits,email,first_name,graduation_year,last_name,org,photo_path,rollno,domain,place_id,specialisation) VALUES
(1,8,22,'bt2020001@uni.in','Vivaan',2020,'Singh',3,'/photos/BT2020001.jpg','BT2020001',1,NULL,10),
(2,8,22,'ms2020002@uni.in','Aditya',2020,'Sharma',4,'/photos/MS2020002.jpg','MS2020002',6,NULL,9),
(3,9,20,'ms2020003@uni.in','Navya',2020,'Ghosh',13,'/photos/MS2020003.jpg','MS2020003',6,12,6),
(4,9,20,'bs2020004@uni.in','Diya',2020,'Iyer',2,'/photos/BS2020004.jpg','BS2020004',5,2,6),
(5,9,28,'pd2020005@uni.in','Anika',2020,'Verma',2,'/photos/PD2020005.jpg','PD2020005',9,2,10),
(6,8,22,'bs2020006@uni.in','Ira',2020,'Agarwal',13,'/photos/BS2020006.jpg','BS2020006',5,NULL,2),
(7,9,22,'ms2020007@uni.in','Rohan',2020,'Ghosh',6,'/photos/MS2020007.jpg','MS2020007',6,4,2),
(8,8,22,'pd2020008@uni.in','Jiya',2020,'Kulkarni',8,'/photos/PD2020008.jpg','PD2020008',9,NULL,6),
(9,9,26,'bt2020009@uni.in','Navya',2020,'Verma',5,'/photos/BT2020009.jpg','BT2020009',1,4,4),
(10,8,24,'ms2020010@uni.in','Esha',2020,'Ghosh',3,'/photos/MS2020010.jpg','MS2020010',6,12,10),
(11,8,22,'ms2020011@uni.in','Esha',2020,'Chopra',9,'/photos/MS2020011.jpg','MS2020011',6,NULL,2),
(12,8,26,'mt2020012@uni.in','Jiya',2020,'Bose',7,'/photos/MT2020012.jpg','MT2020012',8,8,9),
(13,9,24,'bt2020013@uni.in','Ishaan',2020,'Kulkarni',2,'/photos/BT2020013.jpg','BT2020013',7,NULL,8),
(14,8,28,'bt2020014@uni.in','Anika',2020,'Das',15,'/photos/BT2020014.jpg','BT2020014',1,14,9),
(15,9,22,'pd2020015@uni.in','Ira',2020,'Mehta',9,'/photos/PD2020015.jpg','PD2020015',9,10,8),
(16,9,22,'bt2020016@uni.in','Ishaan',2020,'Chopra',1,'/photos/BT2020016.jpg','BT2020016',3,NULL,2),
(17,8,22,'ms2020017@uni.in','Arjun',2020,'Kulkarni',11,'/photos/MS2020017.jpg','MS2020017',6,NULL,5),
(18,8,24,'pd2020018@uni.in','Harsh',2020,'Iyer',7,'/photos/PD2020018.jpg','PD2020018',9,8,2),
(19,9,20,'mt2020019@uni.in','Navya',2020,'Agarwal',10,'/photos/MT2020019.jpg','MT2020019',8,NULL,1),
(20,8,20,'bt2020020@uni.in','Vihaan',2020,'Nair',14,'/photos/BT2020020.jpg','BT2020020',7,NULL,5),
(21,8,28,'ms2020021@uni.in','Riya',2020,'Kulkarni',10,'/photos/MS2020021.jpg','MS2020021',6,4,7),
(22,9,24,'mt2020022@uni.in','Krishna',2020,'Patel',7,'/photos/MT2020022.jpg','MT2020022',4,NULL,2),
(23,8,22,'bt2020023@uni.in','Esha',2020,'Kapoor',4,'/photos/BT2020023.jpg','BT2020023',3,9,3),
(24,9,22,'ms2020024@uni.in','Sara',2020,'Singh',14,'/photos/MS2020024.jpg','MS2020024',6,NULL,1),
(25,8,22,'pd2020025@uni.in','Aarav',2020,'Agarwal',7,'/photos/PD2020025.jpg','PD2020025',9,NULL,7),
(26,8,26,'bt2020026@uni.in','Jiya',2020,'Gupta',5,'/photos/BT2020026.jpg','BT2020026',10,5,9),
(27,9,22,'ms2020027@uni.in','Diya',2020,'Iyer',1,'/photos/MS2020027.jpg','MS2020027',6,12,1),
(28,8,20,'bt2020028@uni.in','Tanya',2020,'Das',9,'/photos/BT2020028.jpg','BT2020028',1,NULL,2),
(29,9,20,'pd2020029@uni.in','Arjun',2020,'Nair',15,'/photos/PD2020029.jpg','PD2020029',9,NULL,10),
(30,9,24,'bt2020030@uni.in','Tanvi',2020,'Pillai',4,'/photos/BT2020030.jpg','BT2020030',7,4,7),
(31,9,20,'mt2020031@uni.in','Meera',2020,'Ghosh',1,'/photos/MT2020031.jpg','MT2020031',4,NULL,2),
(32,9,22,'pd2020032@uni.in','Riya',2020,'Das',15,'/photos/PD2020032.jpg','PD2020032',9,NULL,4),
(33,9,28,'bs2020033@uni.in','Kavya',2020,'Reddy',12,'/photos/BS2020033.jpg','BS2020033',5,NULL,9),
(34,9,20,'bs2020034@uni.in','Krishna',2020,'Mehta',15,'/photos/BS2020034.jpg','BS2020034',5,NULL,5),
(35,8,24,'bs2020035@uni.in','Riya',2020,'Kapoor',9,'/photos/BS2020035.jpg','BS2020035',5,NULL,2),
(36,8,24,'ms2020036@uni.in','Rohan',2020,'Verma',13,'/photos/MS2020036.jpg','MS2020036',6,11,3),
(37,8,20,'ms2020037@uni.in','Harsh',2020,'Kulkarni',2,'/photos/MS2020037.jpg','MS2020037',6,NULL,6),
(38,8,20,'pd2020038@uni.in','Diya',2020,'Bose',5,'/photos/PD2020038.jpg','PD2020038',9,NULL,6),
(39,9,28,'mt2020039@uni.in','Saanvi',2020,'Patel',15,'/photos/MT2020039.jpg','MT2020039',4,NULL,4),
(40,8,22,'mt2020040@uni.in','Sara',2020,'Bose',12,'/photos/MT2020040.jpg','MT2020040',4,13,4),
(41,9,20,'bs2020041@uni.in','Jiya',2020,'Patel',14,'/photos/BS2020041.jpg','BS2020041',5,NULL,8),
(42,8,20,'bs2020042@uni.in','Meera',2020,'Nair',11,'/photos/BS2020042.jpg','BS2020042',5,7,5),
(43,9,28,'bt2020043@uni.in','Rohan',2020,'Chopra',6,'/photos/BT2020043.jpg','BT2020043',1,2,3),
(44,8,28,'pd2020044@uni.in','Anika',2020,'Verma',7,'/photos/PD2020044.jpg','PD2020044',9,12,7),
(45,9,28,'pd2020045@uni.in','Neeraj',2020,'Patel',4,'/photos/PD2020045.jpg','PD2020045',9,1,1),
(46,9,26,'pd2020046@uni.in','Karan',2020,'Iyer',2,'/photos/PD2020046.jpg','PD2020046',9,10,2),
(47,9,24,'bs2020047@uni.in','Neeraj',2020,'Jain',7,'/photos/BS2020047.jpg','BS2020047',5,NULL,4),
(48,9,26,'ms2020048@uni.in','Vikas',2020,'Reddy',9,'/photos/MS2020048.jpg','MS2020048',6,5,4),
(49,9,26,'ms2020049@uni.in','Yash',2020,'Ghosh',11,'/photos/MS2020049.jpg','MS2020049',6,9,3),
(50,9,20,'bt2020050@uni.in','Kavya',2020,'Das',14,'/photos/BT2020050.jpg','BT2020050',3,11,4),
(51,8,22,'mt2020051@uni.in','Diya',2020,'Sharma',8,'/photos/MT2020051.jpg','MT2020051',8,NULL,8),
(52,9,26,'ms2020052@uni.in','Ira',2020,'Gupta',4,'/photos/MS2020052.jpg','MS2020052',6,NULL,2),
(53,9,20,'ms2020053@uni.in','Navya',2020,'Reddy',9,'/photos/MS2020053.jpg','MS2020053',6,NULL,8),
(54,9,26,'mt2020054@uni.in','Manav',2020,'Das',10,'/photos/MT2020054.jpg','MT2020054',8,15,9),
(55,9,24,'ms2020055@uni.in','Jiya',2020,'Sen',13,'/photos/MS2020055.jpg','MS2020055',6,14,9),
(56,9,20,'ms2020056@uni.in','Saanvi',2020,'Singh',12,'/photos/MS2020056.jpg','MS2020056',6,4,6),
(57,8,22,'bs2020057@uni.in','Karan',2020,'Agarwal',4,'/photos/BS2020057.jpg','BS2020057',5,NULL,4),
(58,9,28,'bt2020058@uni.in','Tanvi',2020,'Bose',8,'/photos/BT2020058.jpg','BT2020058',10,NULL,7),
(59,9,26,'ms2020059@uni.in','Vivaan',2020,'Pillai',1,'/photos/MS2020059.jpg','MS2020059',6,5,7),
(60,8,26,'pd2020060@uni.in','Karan',2020,'Shetty',4,'/photos/PD2020060.jpg','PD2020060',9,7,1),
(61,9,22,'bs2021001@uni.in','Esha',2021,'Reddy',10,'/photos/BS2021001.jpg','BS2021001',5,15,10),
(62,9,22,'pd2021002@uni.in','Vivaan',2021,'Agarwal',14,'/photos/PD2021002.jpg','PD2021002',9,NULL,5),
(63,9,24,'ms2021003@uni.in','Yash',2021,'Iyer',6,'/photos/MS2021003.jpg','MS2021003',6,5,5),
(64,8,24,'bt2021004@uni.in','Tanya',2021,'Sharma',4,'/photos/BT2021004.jpg','BT2021004',1,NULL,1),
(65,8,22,'mt2021005@uni.in','Ira',2021,'Sharma',3,'/photos/MT2021005.jpg','MT2021005',4,NULL,10),
(66,9,22,'mt2021006@uni.in','Manav',2021,'Singh',10,'/photos/MT2021006.jpg','MT2021006',8,NULL,3),
(67,8,24,'bs2021007@uni.in','Krishna',2021,'Pillai',10,'/photos/BS2021007.jpg','BS2021007',5,NULL,2),
(68,9,28,'pd2021008@uni.in','Saanvi',2021,'Patel',13,'/photos/PD2021008.jpg','PD2021008',9,NULL,6),
(69,8,28,'pd2021009@uni.in','Harsh',2021,'Chopra',11,'/photos/PD2021009.jpg','PD2021009',9,1,8),
(70,9,22,'bt2021010@uni.in','Harsh',2021,'Chopra',7,'/photos/BT2021010.jpg','BT2021010',3,12,10),
(71,9,28,'pd2021011@uni.in','Tanya',2021,'Ghosh',5,'/photos/PD2021011.jpg','PD2021011',9,NULL,2),
(72,9,28,'bs2021012@uni.in','Nisha',2021,'Nair',10,'/photos/BS2021012.jpg','BS2021012',5,NULL,8),
(73,8,24,'bs2021013@uni.in','Sara',2021,'Sen',13,'/photos/BS2021013.jpg','BS2021013',5,6,10),
(74,8,20,'bs2021014@uni.in','Aarav',2021,'Das',4,'/photos/BS2021014.jpg','BS2021014',5,NULL,8),
(75,8,24,'ms2021015@uni.in','Nisha',2021,'Sharma',4,'/photos/MS2021015.jpg','MS2021015',6,NULL,5),
(76,9,26,'pd2021016@uni.in','Sneha',2021,'Sen',12,'/photos/PD2021016.jpg','PD2021016',9,6,5),
(77,8,22,'bs2021017@uni.in','Anika',2021,'Nair',6,'/photos/BS2021017.jpg','BS2021017',5,NULL,4),
(78,9,20,'mt2021018@uni.in','Tanya',2021,'Singh',14,'/photos/MT2021018.jpg','MT2021018',2,NULL,6),
(79,8,24,'mt2021019@uni.in','Meera',2021,'Sharma',1,'/photos/MT2021019.jpg','MT2021019',2,9,3),
(80,9,26,'ms2021020@uni.in','Krishna',2021,'Sharma',8,'/photos/MS2021020.jpg','MS2021020',6,NULL,1),
(81,8,26,'bs2021021@uni.in','Tanya',2021,'Patel',8,'/photos/BS2021021.jpg','BS2021021',5,NULL,3),
(82,8,20,'mt2021022@uni.in','Meera',2021,'Agarwal',9,'/photos/MT2021022.jpg','MT2021022',4,NULL,9),
(83,9,28,'ms2021023@uni.in','Nisha',2021,'Ghosh',7,'/photos/MS2021023.jpg','MS2021023',6,NULL,10),
(84,9,20,'bt2021024@uni.in','Riya',2021,'Iyer',3,'/photos/BT2021024.jpg','BT2021024',3,NULL,3),
(85,9,24,'bt2021025@uni.in','Tanvi',2021,'Ghosh',1,'/photos/BT2021025.jpg','BT2021025',3,5,8),
(86,8,26,'bt2021026@uni.in','Navya',2021,'Singh',2,'/photos/BT2021026.jpg','BT2021026',3,NULL,5),
(87,8,24,'mt2021027@uni.in','Arjun',2021,'Verma',10,'/photos/MT2021027.jpg','MT2021027',8,14,8),
(88,9,24,'bt2021028@uni.in','Manav',2021,'Jain',9,'/photos/BT2021028.jpg','BT2021028',10,NULL,10),
(89,9,20,'bt2021029@uni.in','Harsh',2021,'Kapoor',2,'/photos/BT2021029.jpg','BT2021029',3,NULL,5),
(90,9,28,'pd2021030@uni.in','Aditya',2021,'Reddy',11,'/photos/PD2021030.jpg','PD2021030',9,15,3),
(91,8,26,'pd2021031@uni.in','Harsh',2021,'Sen',6,'/photos/PD2021031.jpg','PD2021031',9,6,2),
(92,9,24,'mt2021032@uni.in','Priya',2021,'Bose',11,'/photos/MT2021032.jpg','MT2021032',4,NULL,8),
(93,9,20,'bt2021033@uni.in','Yash',2021,'Singh',13,'/photos/BT2021033.jpg','BT2021033',10,NULL,9),
(94,8,28,'ms2021034@uni.in','Tanvi',2021,'Verma',6,'/photos/MS2021034.jpg','MS2021034',6,11,1),
(95,8,24,'mt2021035@uni.in','Rohan',2021,'Kulkarni',8,'/photos/MT2021035.jpg','MT2021035',8,NULL,1),
(96,9,28,'pd2021036@uni.in','Saanvi',2021,'Reddy',1,'/photos/PD2021036.jpg','PD2021036',9,NULL,2),
(97,9,24,'ms2021037@uni.in','Ishaan',2021,'Mehta',9,'/photos/MS2021037.jpg','MS2021037',6,7,8),
(98,8,26,'mt2021038@uni.in','Manav',2021,'Kulkarni',4,'/photos/MT2021038.jpg','MT2021038',8,NULL,2),
(99,9,20,'bs2021039@uni.in','Tanvi',2021,'Kapoor',5,'/photos/BS2021039.jpg','BS2021039',5,14,3),
(100,9,24,'ms2021040@uni.in','Karan',2021,'Sen',9,'/photos/MS2021040.jpg','MS2021040',6,8,4),
(101,9,20,'mt2021041@uni.in','Vikas',2021,'Nair',6,'/photos/MT2021041.jpg','MT2021041',8,8,7),
(102,8,28,'mt2021042@uni.in','Isha',2021,'Verma',10,'/photos/MT2021042.jpg','MT2021042',4,NULL,8),
(103,8,22,'bt2021043@uni.in','Pooja',2021,'Ghosh',7,'/photos/BT2021043.jpg','BT2021043',3,2,5),
(104,9,28,'bs2021044@uni.in','Esha',2021,'Agarwal',7,'/photos/BS2021044.jpg','BS2021044',5,11,9),
(105,9,22,'bt2021045@uni.in','Arjun',2021,'Nair',12,'/photos/BT2021045.jpg','BT2021045',1,NULL,2),
(106,8,20,'ms2021046@uni.in','Jiya',2021,'Jain',6,'/photos/MS2021046.jpg','MS2021046',6,5,6),
(107,9,28,'ms2021047@uni.in','Diya',2021,'Nair',11,'/photos/MS2021047.jpg','MS2021047',6,NULL,2),
(108,8,26,'pd2021048@uni.in','Vikas',2021,'Shetty',15,'/photos/PD2021048.jpg','PD2021048',9,4,5),
(109,9,24,'ms2021049@uni.in','Anika',2021,'Sharma',11,'/photos/MS2021049.jpg','MS2021049',6,2,6),
(110,9,26,'pd2021050@uni.in','Meera',2021,'Bose',14,'/photos/PD2021050.jpg','PD2021050',9,4,8),
(111,9,28,'bt2021051@uni.in','Saanvi',2021,'Gupta',5,'/photos/BT2021051.jpg','BT2021051',7,1,5),
(112,9,24,'bt2021052@uni.in','Vihaan',2021,'Shetty',13,'/photos/BT2021052.jpg','BT2021052',3,10,4),
(113,8,20,'mt2021053@uni.in','Anika',2021,'Mehta',5,'/photos/MT2021053.jpg','MT2021053',4,1,3),
(114,9,22,'bt2021054@uni.in','Kavya',2021,'Kapoor',4,'/photos/BT2021054.jpg','BT2021054',3,13,9),
(115,9,26,'pd2021055@uni.in','Rohan',2021,'Reddy',13,'/photos/PD2021055.jpg','PD2021055',9,12,2),
(116,8,26,'ms2021056@uni.in','Arjun',2021,'Mehta',14,'/photos/MS2021056.jpg','MS2021056',6,2,1),
(117,9,24,'pd2022001@uni.in','Ishaan',2022,'Ghosh',10,'/photos/PD2022001.jpg','PD2022001',9,14,2),
(118,9,28,'mt2022002@uni.in','Tanya',2022,'Sharma',4,'/photos/MT2022002.jpg','MT2022002',8,2,5),
(119,8,20,'ms2022003@uni.in','Ishaan',2022,'Mehta',5,'/photos/MS2022003.jpg','MS2022003',6,NULL,4),
(120,9,24,'pd2022004@uni.in','Ananya',2022,'Gupta',11,'/photos/PD2022004.jpg','PD2022004',9,NULL,7),
(121,9,24,'bt2022005@uni.in','Isha',2022,'Shetty',1,'/photos/BT2022005.jpg','BT2022005',7,4,8),
(122,9,28,'mt2022006@uni.in','Sneha',2022,'Patel',15,'/photos/MT2022006.jpg','MT2022006',8,NULL,7),
(123,9,20,'bs2022007@uni.in','Ira',2022,'Patel',11,'/photos/BS2022007.jpg','BS2022007',5,NULL,1),
(124,8,20,'bs2022008@uni.in','Saanvi',2022,'Mehta',14,'/photos/BS2022008.jpg','BS2022008',5,NULL,4),
(125,8,24,'bs2022009@uni.in','Diya',2022,'Shetty',14,'/photos/BS2022009.jpg','BS2022009',5,3,3),
(126,8,24,'bt2022010@uni.in','Vivaan',2022,'Mehta',13,'/photos/BT2022010.jpg','BT2022010',3,10,1),
(127,8,26,'mt2022011@uni.in','Anika',2022,'Verma',9,'/photos/MT2022011.jpg','MT2022011',2,NULL,8),
(128,8,26,'ms2022012@uni.in','Sneha',2022,'Das',9,'/photos/MS2022012.jpg','MS2022012',6,NULL,9),
(129,8,26,'bs2022013@uni.in','Manav',2022,'Sharma',14,'/photos/BS2022013.jpg','BS2022013',5,NULL,8),
(130,9,28,'ms2022014@uni.in','Arjun',2022,'Agarwal',3,'/photos/MS2022014.jpg','MS2022014',6,3,10),
(131,9,26,'pd2022015@uni.in','Yash',2022,'Gupta',9,'/photos/PD2022015.jpg','PD2022015',9,NULL,9),
(132,8,26,'mt2022016@uni.in','Harsh',2022,'Ghosh',6,'/photos/MT2022016.jpg','MT2022016',4,7,2),
(133,9,24,'bs2022017@uni.in','Harsh',2022,'Kapoor',3,'/photos/BS2022017.jpg','BS2022017',5,NULL,2),
(134,9,22,'bt2022018@uni.in','Harsh',2022,'Patel',9,'/photos/BT2022018.jpg','BT2022018',1,10,2),
(135,8,24,'ms2022019@uni.in','Rahul',2022,'Bose',10,'/photos/MS2022019.jpg','MS2022019',6,NULL,10),
(136,9,22,'pd2022020@uni.in','Riya',2022,'Mehta',14,'/photos/PD2022020.jpg','PD2022020',9,6,2),
(137,8,28,'bs2022021@uni.in','Navya',2022,'Bose',15,'/photos/BS2022021.jpg','BS2022021',5,NULL,5),
(138,8,22,'bs2022022@uni.in','Priya',2022,'Chopra',14,'/photos/BS2022022.jpg','BS2022022',5,10,2),
(139,8,26,'mt2022023@uni.in','Vivaan',2022,'Agarwal',7,'/photos/MT2022023.jpg','MT2022023',4,NULL,6),
(140,8,20,'bs2022024@uni.in','Yash',2022,'Pillai',3,'/photos/BS2022024.jpg','BS2022024',5,NULL,2),
(141,9,28,'bs2022025@uni.in','Nisha',2022,'Bose',8,'/photos/BS2022025.jpg','BS2022025',5,NULL,9),
(142,8,24,'bt2022026@uni.in','Rahul',2022,'Bose',11,'/photos/BT2022026.jpg','BT2022026',10,9,1),
(143,8,20,'mt2022027@uni.in','Esha',2022,'Shetty',4,'/photos/MT2022027.jpg','MT2022027',4,NULL,5),
(144,8,26,'bs2022028@uni.in','Yash',2022,'Patel',12,'/photos/BS2022028.jpg','BS2022028',5,NULL,7),
(145,9,20,'pd2022029@uni.in','Navya',2022,'Das',7,'/photos/PD2022029.jpg','PD2022029',9,NULL,8),
(146,9,28,'bt2022030@uni.in','Yash',2022,'Pillai',7,'/photos/BT2022030.jpg','BT2022030',10,NULL,7),
(147,9,24,'bt2022031@uni.in','Yash',2022,'Reddy',2,'/photos/BT2022031.jpg','BT2022031',10,NULL,4),
(148,8,26,'ms2022032@uni.in','Esha',2022,'Das',14,'/photos/MS2022032.jpg','MS2022032',6,12,4),
(149,8,28,'bs2022033@uni.in','Jiya',2022,'Agarwal',9,'/photos/BS2022033.jpg','BS2022033',5,15,6),
(150,8,24,'mt2022034@uni.in','Saanvi',2022,'Patel',4,'/photos/MT2022034.jpg','MT2022034',2,NULL,2),
(151,9,28,'mt2022035@uni.in','Isha',2022,'Ghosh',11,'/photos/MT2022035.jpg','MT2022035',8,10,6),
(152,9,26,'mt2022036@uni.in','Nisha',2022,'Agarwal',11,'/photos/MT2022036.jpg','MT2022036',4,13,10),
(153,8,24,'bt2022037@uni.in','Rahul',2022,'Das',8,'/photos/BT2022037.jpg','BT2022037',10,NULL,6),
(154,9,26,'bs2022038@uni.in','Arjun',2022,'Agarwal',10,'/photos/BS2022038.jpg','BS2022038',5,NULL,6),
(155,8,20,'pd2022039@uni.in','Tanya',2022,'Das',8,'/photos/PD2022039.jpg','PD2022039',9,13,2),
(156,8,26,'pd2022040@uni.in','Sara',2022,'Verma',8,'/photos/PD2022040.jpg','PD2022040',9,6,5),
(157,8,24,'ms2022041@uni.in','Tanvi',2022,'Kapoor',2,'/photos/MS2022041.jpg','MS2022041',6,2,5),
(158,8,28,'bs2022042@uni.in','Diya',2022,'Kapoor',11,'/photos/BS2022042.jpg','BS2022042',5,15,5),
(159,8,24,'ms2022043@uni.in','Ananya',2022,'Shetty',9,'/photos/MS2022043.jpg','MS2022043',6,11,3),
(160,9,20,'pd2022044@uni.in','Reyansh',2022,'Bose',6,'/photos/PD2022044.jpg','PD2022044',9,NULL,6),
(161,8,22,'ms2022045@uni.in','Ira',2022,'Nair',2,'/photos/MS2022045.jpg','MS2022045',6,NULL,9),
(162,9,28,'pd2022046@uni.in','Pooja',2022,'Verma',3,'/photos/PD2022046.jpg','PD2022046',9,NULL,3),
(163,8,26,'pd2022047@uni.in','Jiya',2022,'Ghosh',6,'/photos/PD2022047.jpg','PD2022047',9,8,8),
(164,9,26,'mt2022048@uni.in','Karan',2022,'Nair',15,'/photos/MT2022048.jpg','MT2022048',2,6,8),
(165,9,22,'bs2022049@uni.in','Vikas',2022,'Das',14,'/photos/BS2022049.jpg','BS2022049',5,NULL,5),
(166,8,28,'bt2022050@uni.in','Tanya',2022,'Chopra',14,'/photos/BT2022050.jpg','BT2022050',1,NULL,3),
(167,8,26,'bs2022051@uni.in','Nisha',2022,'Das',2,'/photos/BS2022051.jpg','BS2022051',5,14,6),
(168,9,28,'bt2022052@uni.in','Tanvi',2022,'Verma',6,'/photos/BT2022052.jpg','BT2022052',3,NULL,6),
(169,8,24,'mt2022053@uni.in','Vivaan',2022,'Kapoor',13,'/photos/MT2022053.jpg','MT2022053',2,NULL,5),
(170,9,28,'ms2022054@uni.in','Ananya',2022,'Sen',1,'/photos/MS2022054.jpg','MS2022054',6,1,4),
(171,8,24,'pd2023001@uni.in','Pooja',2023,'Bose',4,'/photos/PD2023001.jpg','PD2023001',9,NULL,4),
(172,8,26,'ms2023002@uni.in','Manav',2023,'Agarwal',10,'/photos/MS2023002.jpg','MS2023002',6,NULL,3),
(173,9,22,'bs2023003@uni.in','Harsh',2023,'Sharma',10,'/photos/BS2023003.jpg','BS2023003',5,NULL,9),
(174,8,26,'bs2023004@uni.in','Arjun',2023,'Das',14,'/photos/BS2023004.jpg','BS2023004',5,1,6),
(175,8,24,'bs2023005@uni.in','Vivaan',2023,'Chopra',4,'/photos/BS2023005.jpg','BS2023005',5,13,3),
(176,9,22,'bt2023006@uni.in','Rahul',2023,'Kulkarni',14,'/photos/BT2023006.jpg','BT2023006',10,12,3),
(177,8,24,'mt2023007@uni.in','Arjun',2023,'Ghosh',4,'/photos/MT2023007.jpg','MT2023007',2,NULL,1),
(178,9,28,'bs2023008@uni.in','Meera',2023,'Das',8,'/photos/BS2023008.jpg','BS2023008',5,NULL,5),
(179,9,20,'bs2023009@uni.in','Vihaan',2023,'Kapoor',13,'/photos/BS2023009.jpg','BS2023009',5,7,8),
(180,9,26,'ms2023010@uni.in','Priya',2023,'Reddy',6,'/photos/MS2023010.jpg','MS2023010',6,NULL,7),
(181,8,28,'bt2023011@uni.in','Harsh',2023,'Shetty',5,'/photos/BT2023011.jpg','BT2023011',7,NULL,6),
(182,9,22,'bs2023012@uni.in','Meera',2023,'Ghosh',12,'/photos/BS2023012.jpg','BS2023012',5,6,1),
(183,8,20,'bs2023013@uni.in','Harsh',2023,'Singh',11,'/photos/BS2023013.jpg','BS2023013',5,NULL,1),
(184,8,20,'mt2023014@uni.in','Nisha',2023,'Verma',4,'/photos/MT2023014.jpg','MT2023014',8,6,7),
(185,8,26,'pd2023015@uni.in','Aditya',2023,'Shetty',6,'/photos/PD2023015.jpg','PD2023015',9,NULL,10),
(186,9,24,'mt2023016@uni.in','Pooja',2023,'Chopra',11,'/photos/MT2023016.jpg','MT2023016',4,NULL,1),
(187,9,28,'mt2023017@uni.in','Isha',2023,'Das',2,'/photos/MT2023017.jpg','MT2023017',4,13,8),
(188,8,20,'mt2023018@uni.in','Kavya',2023,'Sen',3,'/photos/MT2023018.jpg','MT2023018',2,NULL,8),
(189,8,28,'bt2023019@uni.in','Yash',2023,'Chopra',9,'/photos/BT2023019.jpg','BT2023019',7,15,3),
(190,8,20,'mt2023020@uni.in','Sneha',2023,'Das',4,'/photos/MT2023020.jpg','MT2023020',2,4,1),
(191,8,28,'bs2023021@uni.in','Sneha',2023,'Ghosh',15,'/photos/BS2023021.jpg','BS2023021',5,2,7),
(192,9,28,'ms2023022@uni.in','Pooja',2023,'Bose',2,'/photos/MS2023022.jpg','MS2023022',6,NULL,8),
(193,8,28,'ms2023023@uni.in','Pooja',2023,'Chopra',11,'/photos/MS2023023.jpg','MS2023023',6,NULL,7),
(194,8,24,'pd2023024@uni.in','Vihaan',2023,'Patel',3,'/photos/PD2023024.jpg','PD2023024',9,NULL,6),
(195,9,22,'pd2023025@uni.in','Kavya',2023,'Agarwal',11,'/photos/PD2023025.jpg','PD2023025',9,3,10),
(196,8,28,'pd2023026@uni.in','Reyansh',2023,'Das',10,'/photos/PD2023026.jpg','PD2023026',9,3,10),
(197,8,28,'bt2023027@uni.in','Vivaan',2023,'Agarwal',5,'/photos/BT2023027.jpg','BT2023027',3,13,10),
(198,9,24,'bt2023028@uni.in','Isha',2023,'Kulkarni',8,'/photos/BT2023028.jpg','BT2023028',3,13,5),
(199,8,26,'ms2023029@uni.in','Arjun',2023,'Verma',7,'/photos/MS2023029.jpg','MS2023029',6,NULL,6),
(200,9,24,'pd2023030@uni.in','Diya',2023,'Kapoor',7,'/photos/PD2023030.jpg','PD2023030',9,13,9),
(201,8,26,'pd2023031@uni.in','Krishna',2023,'Kapoor',2,'/photos/PD2023031.jpg','PD2023031',9,NULL,3),
(202,9,28,'bt2023032@uni.in','Vihaan',2023,'Jain',7,'/photos/BT2023032.jpg','BT2023032',3,NULL,6),
(203,8,26,'pd2023033@uni.in','Yash',2023,'Iyer',9,'/photos/PD2023033.jpg','PD2023033',9,8,8),
(204,9,22,'bt2023034@uni.in','Reyansh',2023,'Gupta',4,'/photos/BT2023034.jpg','BT2023034',7,NULL,5),
(205,8,20,'ms2023035@uni.in','Tanya',2023,'Jain',7,'/photos/MS2023035.jpg','MS2023035',6,15,6),
(206,9,20,'ms2023036@uni.in','Sneha',2023,'Verma',10,'/photos/MS2023036.jpg','MS2023036',6,6,2),
(207,9,28,'ms2023037@uni.in','Neeraj',2023,'Ghosh',11,'/photos/MS2023037.jpg','MS2023037',6,NULL,7),
(208,9,22,'bs2023038@uni.in','Priya',2023,'Kulkarni',4,'/photos/BS2023038.jpg','BS2023038',5,NULL,1),
(209,9,28,'bt2023039@uni.in','Ananya',2023,'Kapoor',8,'/photos/BT2023039.jpg','BT2023039',3,NULL,6),
(210,9,28,'pd2023040@uni.in','Yash',2023,'Reddy',12,'/photos/PD2023040.jpg','PD2023040',9,10,9),
(211,9,26,'pd2023041@uni.in','Karan',2023,'Sen',14,'/photos/PD2023041.jpg','PD2023041',9,6,2),
(212,9,24,'ms2023042@uni.in','Meera',2023,'Sharma',11,'/photos/MS2023042.jpg','MS2023042',6,NULL,10),
(213,9,22,'ms2023043@uni.in','Jiya',2023,'Das',14,'/photos/MS2023043.jpg','MS2023043',6,NULL,4),
(214,9,22,'bt2023044@uni.in','Nisha',2023,'Kapoor',7,'/photos/BT2023044.jpg','BT2023044',3,7,1),
(215,9,26,'mt2023045@uni.in','Pooja',2023,'Iyer',9,'/photos/MT2023045.jpg','MT2023045',4,NULL,8),
(216,9,24,'pd2023046@uni.in','Priya',2023,'Kulkarni',10,'/photos/PD2023046.jpg','PD2023046',9,NULL,5),
(217,9,24,'pd2023047@uni.in','Meera',2023,'Nair',12,'/photos/PD2023047.jpg','PD2023047',9,12,6),
(218,9,24,'ms2023048@uni.in','Rahul',2023,'Kulkarni',2,'/photos/MS2023048.jpg','MS2023048',6,15,6),
(219,9,20,'mt2023049@uni.in','Kavya',2023,'Verma',6,'/photos/MT2023049.jpg','MT2023049',4,11,8),
(220,9,28,'mt2023050@uni.in','Ira',2023,'Kulkarni',12,'/photos/MT2023050.jpg','MT2023050',4,NULL,10),
(221,8,28,'pd2023051@uni.in','Saanvi',2023,'Nair',4,'/photos/PD2023051.jpg','PD2023051',9,NULL,7),
(222,8,20,'bs2023052@uni.in','Tanya',2023,'Patel',9,'/photos/BS2023052.jpg','BS2023052',5,7,8),
(223,9,20,'mt2024001@uni.in','Kavya',2024,'Kapoor',15,'/photos/MT2024001.jpg','MT2024001',2,NULL,9),
(224,8,20,'bt2024002@uni.in','Sara',2024,'Bose',14,'/photos/BT2024002.jpg','BT2024002',10,13,3),
(225,9,28,'bs2024003@uni.in','Aditya',2024,'Sharma',10,'/photos/BS2024003.jpg','BS2024003',5,15,5),
(226,9,22,'ms2024004@uni.in','Karan',2024,'Das',14,'/photos/MS2024004.jpg','MS2024004',6,NULL,2),
(227,9,22,'bs2024005@uni.in','Jiya',2024,'Ghosh',1,'/photos/BS2024005.jpg','BS2024005',5,13,10),
(228,9,26,'mt2024006@uni.in','Sara',2024,'Shetty',9,'/photos/MT2024006.jpg','MT2024006',4,2,2),
(229,9,22,'mt2024007@uni.in','Ananya',2024,'Sen',1,'/photos/MT2024007.jpg','MT2024007',4,NULL,8),
(230,8,24,'bs2024008@uni.in','Priya',2024,'Jain',11,'/photos/BS2024008.jpg','BS2024008',5,NULL,1),
(231,8,26,'bt2024009@uni.in','Manav',2024,'Jain',11,'/photos/BT2024009.jpg','BT2024009',7,NULL,5),
(232,8,26,'bs2024010@uni.in','Navya',2024,'Nair',3,'/photos/BS2024010.jpg','BS2024010',5,12,7),
(233,8,22,'pd2024011@uni.in','Tanya',2024,'Kulkarni',11,'/photos/PD2024011.jpg','PD2024011',9,9,9),
(234,8,20,'bs2024012@uni.in','Arjun',2024,'Pillai',14,'/photos/BS2024012.jpg','BS2024012',5,NULL,3),
(235,8,22,'bs2024013@uni.in','Pooja',2024,'Ghosh',12,'/photos/BS2024013.jpg','BS2024013',5,2,1),
(236,9,26,'ms2024014@uni.in','Ananya',2024,'Das',10,'/photos/MS2024014.jpg','MS2024014',6,9,5),
(237,8,22,'bt2024015@uni.in','Esha',2024,'Singh',10,'/photos/BT2024015.jpg','BT2024015',1,1,6),
(238,8,26,'bt2024016@uni.in','Karan',2024,'Verma',1,'/photos/BT2024016.jpg','BT2024016',7,NULL,3),
(239,9,26,'ms2024017@uni.in','Sneha',2024,'Gupta',7,'/photos/MS2024017.jpg','MS2024017',6,NULL,6),
(240,9,28,'bt2024018@uni.in','Sara',2024,'Kulkarni',3,'/photos/BT2024018.jpg','BT2024018',3,NULL,1),
(241,9,28,'bs2024019@uni.in','Manav',2024,'Kulkarni',7,'/photos/BS2024019.jpg','BS2024019',5,4,6),
(242,8,20,'mt2024020@uni.in','Rohan',2024,'Iyer',13,'/photos/MT2024020.jpg','MT2024020',8,NULL,4),
(243,8,26,'mt2024021@uni.in','Arjun',2024,'Patel',10,'/photos/MT2024021.jpg','MT2024021',8,NULL,4),
(244,8,28,'bt2024022@uni.in','Esha',2024,'Ghosh',4,'/photos/BT2024022.jpg','BT2024022',1,3,4),
(245,9,22,'pd2024023@uni.in','Yash',2024,'Pillai',5,'/photos/PD2024023.jpg','PD2024023',9,NULL,7),
(246,8,26,'bs2024024@uni.in','Rohan',2024,'Verma',9,'/photos/BS2024024.jpg','BS2024024',5,1,7),
(247,9,22,'pd2024025@uni.in','Yash',2024,'Bose',5,'/photos/PD2024025.jpg','PD2024025',9,3,4),
(248,9,20,'mt2024026@uni.in','Meera',2024,'Mehta',9,'/photos/MT2024026.jpg','MT2024026',4,NULL,7),
(249,9,20,'mt2024027@uni.in','Anika',2024,'Iyer',15,'/photos/MT2024027.jpg','MT2024027',4,14,2),
(250,9,26,'pd2024028@uni.in','Ira',2024,'Verma',11,'/photos/PD2024028.jpg','PD2024028',9,NULL,4),
(251,8,24,'pd2024029@uni.in','Riya',2024,'Sen',5,'/photos/PD2024029.jpg','PD2024029',9,NULL,2),
(252,8,26,'ms2024030@uni.in','Saanvi',2024,'Shetty',15,'/photos/MS2024030.jpg','MS2024030',6,9,5),
(253,9,24,'ms2024031@uni.in','Manav',2024,'Kulkarni',5,'/photos/MS2024031.jpg','MS2024031',6,9,8),
(254,8,24,'bt2024032@uni.in','Tanya',2024,'Kapoor',6,'/photos/BT2024032.jpg','BT2024032',10,NULL,3),
(255,9,24,'bt2024033@uni.in','Anika',2024,'Kulkarni',3,'/photos/BT2024033.jpg','BT2024033',3,NULL,7),
(256,9,24,'pd2024034@uni.in','Saanvi',2024,'Sen',13,'/photos/PD2024034.jpg','PD2024034',9,12,8),
(257,8,28,'mt2024035@uni.in','Rahul',2024,'Reddy',8,'/photos/MT2024035.jpg','MT2024035',2,NULL,9),
(258,8,26,'bt2024036@uni.in','Arjun',2024,'Verma',3,'/photos/BT2024036.jpg','BT2024036',3,NULL,1),
(259,9,20,'mt2024037@uni.in','Neeraj',2024,'Ghosh',10,'/photos/MT2024037.jpg','MT2024037',8,11,8),
(260,9,20,'bt2024038@uni.in','Aarav',2024,'Kulkarni',1,'/photos/BT2024038.jpg','BT2024038',7,9,1),
(261,8,20,'pd2024039@uni.in','Harsh',2024,'Reddy',9,'/photos/PD2024039.jpg','PD2024039',9,NULL,10),
(262,9,26,'pd2024040@uni.in','Anika',2024,'Chopra',2,'/photos/PD2024040.jpg','PD2024040',9,7,10),
(263,8,20,'mt2024041@uni.in','Navya',2024,'Jain',2,'/photos/MT2024041.jpg','MT2024041',4,7,9),
(264,8,20,'ms2024042@uni.in','Vihaan',2024,'Sharma',8,'/photos/MS2024042.jpg','MS2024042',6,11,10),
(265,8,22,'bt2024043@uni.in','Pooja',2024,'Verma',15,'/photos/BT2024043.jpg','BT2024043',10,NULL,2),
(266,8,22,'bs2024044@uni.in','Karan',2024,'Pillai',15,'/photos/BS2024044.jpg','BS2024044',5,NULL,10),
(267,9,22,'mt2024045@uni.in','Esha',2024,'Agarwal',10,'/photos/MT2024045.jpg','MT2024045',2,10,9),
(268,8,28,'bs2024046@uni.in','Vikas',2024,'Mehta',12,'/photos/BS2024046.jpg','BS2024046',5,NULL,7),
(269,9,24,'mt2024047@uni.in','Arjun',2024,'Kapoor',1,'/photos/MT2024047.jpg','MT2024047',8,5,8),
(270,9,26,'mt2024048@uni.in','Rahul',2024,'Kulkarni',3,'/photos/MT2024048.jpg','MT2024048',8,10,2),
(271,8,20,'pd2024049@uni.in','Kavya',2024,'Nair',5,'/photos/PD2024049.jpg','PD2024049',9,NULL,7),
(272,8,20,'bs2024050@uni.in','Sneha',2024,'Patel',5,'/photos/BS2024050.jpg','BS2024050',5,6,2),
(273,9,26,'mt2024051@uni.in','Reyansh',2024,'Reddy',9,'/photos/MT2024051.jpg','MT2024051',8,9,2),
(274,8,28,'bt2024052@uni.in','Reyansh',2024,'Chopra',10,'/photos/BT2024052.jpg','BT2024052',7,14,1),
(275,8,28,'bs2024053@uni.in','Tanvi',2024,'Gupta',15,'/photos/BS2024053.jpg','BS2024053',5,NULL,7),
(276,9,24,'mt2024054@uni.in','Ananya',2024,'Singh',8,'/photos/MT2024054.jpg','MT2024054',2,NULL,7),
(277,9,20,'bs2024055@uni.in','Tanvi',2024,'Jain',6,'/photos/BS2024055.jpg','BS2024055',5,4,10),
(278,8,22,'pd2024056@uni.in','Ira',2024,'Ghosh',5,'/photos/PD2024056.jpg','PD2024056',9,7,10),
(279,9,26,'ms2024057@uni.in','Priya',2024,'Ghosh',14,'/photos/MS2024057.jpg','MS2024057',6,5,10),
(280,8,26,'mt2024058@uni.in','Tanya',2024,'Kapoor',6,'/photos/MT2024058.jpg','MT2024058',4,12,10),
(281,9,26,'mt2024059@uni.in','Yash',2024,'Gupta',6,'/photos/MT2024059.jpg','MT2024059',2,NULL,10),
(282,8,26,'pd2024060@uni.in','Sara',2024,'Kulkarni',12,'/photos/PD2024060.jpg','PD2024060',9,8,2),
(283,8,24,'ms2025001@uni.in','Ananya',2025,'Jain',11,'/photos/MS2025001.jpg','MS2025001',6,12,7),
(284,9,28,'bt2025002@uni.in','Nisha',2025,'Shetty',7,'/photos/BT2025002.jpg','BT2025002',10,NULL,6),
(285,8,24,'pd2025003@uni.in','Reyansh',2025,'Patel',3,'/photos/PD2025003.jpg','PD2025003',9,10,6),
(286,8,24,'ms2025004@uni.in','Krishna',2025,'Sharma',4,'/photos/MS2025004.jpg','MS2025004',6,8,7),
(287,9,20,'ms2025005@uni.in','Neeraj',2025,'Mehta',8,'/photos/MS2025005.jpg','MS2025005',6,5,2),
(288,9,24,'bt2025006@uni.in','Diya',2025,'Chopra',8,'/photos/BT2025006.jpg','BT2025006',3,9,6),
(289,9,24,'ms2025007@uni.in','Krishna',2025,'Ghosh',2,'/photos/MS2025007.jpg','MS2025007',6,NULL,1),
(290,8,28,'bs2025008@uni.in','Krishna',2025,'Reddy',3,'/photos/BS2025008.jpg','BS2025008',5,6,8),
(291,8,26,'mt2025009@uni.in','Esha',2025,'Reddy',7,'/photos/MT2025009.jpg','MT2025009',2,NULL,8),
(292,8,22,'pd2025010@uni.in','Harsh',2025,'Gupta',4,'/photos/PD2025010.jpg','PD2025010',9,NULL,10),
(293,9,24,'bt2025011@uni.in','Karan',2025,'Reddy',4,'/photos/BT2025011.jpg','BT2025011',10,2,8),
(294,9,28,'pd2025012@uni.in','Yash',2025,'Shetty',7,'/photos/PD2025012.jpg','PD2025012',9,6,8),
(295,8,22,'pd2025013@uni.in','Sara',2025,'Jain',6,'/photos/PD2025013.jpg','PD2025013',9,4,2),
(296,9,26,'mt2025014@uni.in','Sneha',2025,'Mehta',10,'/photos/MT2025014.jpg','MT2025014',2,10,7),
(297,8,28,'mt2025015@uni.in','Isha',2025,'Kulkarni',3,'/photos/MT2025015.jpg','MT2025015',4,NULL,3),
(298,8,24,'bs2025016@uni.in','Nisha',2025,'Shetty',1,'/photos/BS2025016.jpg','BS2025016',5,NULL,7),
(299,9,26,'pd2025017@uni.in','Neeraj',2025,'Sen',7,'/photos/PD2025017.jpg','PD2025017',9,NULL,2),
(300,9,20,'pd2025018@uni.in','Vivaan',2025,'Nair',5,'/photos/PD2025018.jpg','PD2025018',9,9,3),
(301,8,28,'ms2025019@uni.in','Isha',2025,'Kulkarni',2,'/photos/MS2025019.jpg','MS2025019',6,13,9),
(302,8,26,'bt2025020@uni.in','Nisha',2025,'Kulkarni',2,'/photos/BT2025020.jpg','BT2025020',3,NULL,8),
(303,9,20,'bs2025021@uni.in','Rahul',2025,'Agarwal',13,'/photos/BS2025021.jpg','BS2025021',5,4,10),
(304,8,22,'ms2025022@uni.in','Jiya',2025,'Shetty',14,'/photos/MS2025022.jpg','MS2025022',6,NULL,10),
(305,8,24,'bs2025023@uni.in','Karan',2025,'Singh',12,'/photos/BS2025023.jpg','BS2025023',5,5,9),
(306,8,24,'bt2025024@uni.in','Ananya',2025,'Bose',14,'/photos/BT2025024.jpg','BT2025024',3,NULL,4),
(307,9,26,'mt2025025@uni.in','Yash',2025,'Nair',3,'/photos/MT2025025.jpg','MT2025025',8,11,7),
(308,8,26,'ms2025026@uni.in','Nisha',2025,'Agarwal',9,'/photos/MS2025026.jpg','MS2025026',6,12,8),
(309,8,20,'ms2025027@uni.in','Yash',2025,'Pillai',12,'/photos/MS2025027.jpg','MS2025027',6,11,2),
(310,9,22,'pd2025028@uni.in','Esha',2025,'Iyer',8,'/photos/PD2025028.jpg','PD2025028',9,6,6),
(311,9,24,'pd2025029@uni.in','Ananya',2025,'Pillai',15,'/photos/PD2025029.jpg','PD2025029',9,NULL,8),
(312,9,26,'bt2025030@uni.in','Ishaan',2025,'Reddy',1,'/photos/BT2025030.jpg','BT2025030',10,NULL,5),
(313,9,24,'mt2025031@uni.in','Rohan',2025,'Agarwal',2,'/photos/MT2025031.jpg','MT2025031',4,NULL,1),
(314,9,20,'ms2025032@uni.in','Meera',2025,'Nair',12,'/photos/MS2025032.jpg','MS2025032',6,NULL,8),
(315,8,28,'bt2025033@uni.in','Ananya',2025,'Pillai',11,'/photos/BT2025033.jpg','BT2025033',10,NULL,6),
(316,9,20,'bt2025034@uni.in','Harsh',2025,'Mehta',4,'/photos/BT2025034.jpg','BT2025034',10,NULL,2),
(317,8,26,'bs2025035@uni.in','Sneha',2025,'Jain',13,'/photos/BS2025035.jpg','BS2025035',5,NULL,2),
(318,8,26,'pd2025036@uni.in','Aarav',2025,'Shetty',6,'/photos/PD2025036.jpg','PD2025036',9,NULL,7),
(319,8,20,'pd2025037@uni.in','Nisha',2025,'Iyer',3,'/photos/PD2025037.jpg','PD2025037',9,10,6),
(320,8,24,'ms2025038@uni.in','Yash',2025,'Mehta',11,'/photos/MS2025038.jpg','MS2025038',6,4,1),
(321,8,26,'bs2025039@uni.in','Riya',2025,'Das',5,'/photos/BS2025039.jpg','BS2025039',5,NULL,8),
(322,9,28,'ms2025040@uni.in','Ishaan',2025,'Nair',2,'/photos/MS2025040.jpg','MS2025040',6,6,3),
(323,8,26,'ms2025041@uni.in','Tanvi',2025,'Chopra',13,'/photos/MS2025041.jpg','MS2025041',6,NULL,1),
(324,8,26,'bs2025042@uni.in','Riya',2025,'Verma',9,'/photos/BS2025042.jpg','BS2025042',5,11,7),
(325,8,24,'ms2025043@uni.in','Reyansh',2025,'Kulkarni',2,'/photos/MS2025043.jpg','MS2025043',6,NULL,3),
(326,8,24,'pd2025044@uni.in','Yash',2025,'Gupta',12,'/photos/PD2025044.jpg','PD2025044',9,NULL,1),
(327,8,26,'mt2025045@uni.in','Reyansh',2025,'Bose',10,'/photos/MT2025045.jpg','MT2025045',8,1,3),
(328,8,22,'bt2025046@uni.in','Aarav',2025,'Mehta',8,'/photos/BT2025046.jpg','BT2025046',7,9,3),
(329,8,20,'bs2025047@uni.in','Ananya',2025,'Singh',6,'/photos/BS2025047.jpg','BS2025047',5,NULL,5),
(330,9,28,'pd2025048@uni.in','Arjun',2025,'Sen',6,'/photos/PD2025048.jpg','PD2025048',9,NULL,6),
(331,8,22,'mt2025049@uni.in','Anika',2025,'Patel',12,'/photos/MT2025049.jpg','MT2025049',8,NULL,1),
(332,9,26,'mt2025050@uni.in','Aditya',2025,'Sen',15,'/photos/MT2025050.jpg','MT2025050',2,NULL,9),
(333,8,26,'ms2025051@uni.in','Navya',2025,'Kapoor',15,'/photos/MS2025051.jpg','MS2025051',6,NULL,10),
(334,8,22,'bs2025052@uni.in','Ishaan',2025,'Das',4,'/photos/BS2025052.jpg','BS2025052',5,NULL,8),
(335,8,28,'bs2025053@uni.in','Meera',2025,'Kapoor',8,'/photos/BS2025053.jpg','BS2025053',5,NULL,5),
(336,8,26,'pd2025054@uni.in','Meera',2025,'Shetty',6,'/photos/PD2025054.jpg','PD2025054',9,NULL,9),
(337,9,20,'mt2025055@uni.in','Diya',2025,'Sharma',4,'/photos/MT2025055.jpg','MT2025055',8,NULL,6),
(338,8,22,'bt2025056@uni.in','Vikas',2025,'Jain',9,'/photos/BT2025056.jpg','BT2025056',3,7,1);


INSERT INTO placement_student (id,about,acceptance,comments,cv_app,date,place_id,sid) VALUES
(1,NULL,NULL,NULL,NULL,'2024-08-14',3,13),
(2,NULL,NULL,NULL,NULL,'2024-09-14',3,39),
(3,NULL,NULL,NULL,NULL,'2024-01-19',3,39),
(4,NULL,NULL,NULL,NULL,'2024-01-12',2,39),
(5,NULL,NULL,NULL,NULL,'2024-12-16',8,12),
(6,NULL,NULL,NULL,NULL,'2024-08-05',2,15),
(7,NULL,NULL,NULL,NULL,'2024-03-14',2,15),
(8,NULL,NULL,NULL,NULL,'2024-01-03',10,16),
(9,NULL,NULL,NULL,NULL,'2024-06-17',7,16),
(10,NULL,NULL,NULL,NULL,'2024-07-26',9,9),
(11,NULL,NULL,NULL,NULL,'2024-11-23',1,49),
(12,NULL,NULL,NULL,NULL,'2024-05-11',8,6),
(13,NULL,NULL,NULL,NULL,'2024-03-05',7,17),
(14,NULL,NULL,NULL,NULL,'2024-12-21',6,17),
(15,NULL,NULL,NULL,NULL,'2024-01-29',8,17),
(16,NULL,NULL,NULL,NULL,'2024-03-18',10,47),
(17,NULL,NULL,NULL,NULL,'2024-03-04',7,25),
(18,NULL,NULL,NULL,NULL,'2024-03-01',2,25),
(19,NULL,NULL,NULL,NULL,'2024-05-31',3,25),
(20,NULL,NULL,NULL,NULL,'2024-07-28',3,34),
(21,NULL,NULL,NULL,NULL,'2024-10-14',4,44),
(22,NULL,NULL,NULL,NULL,'2024-04-29',8,45),
(23,NULL,NULL,NULL,NULL,'2024-03-01',5,45),
(24,NULL,NULL,NULL,NULL,'2024-12-13',3,35),
(25,NULL,NULL,NULL,NULL,'2024-09-13',2,35),
(26,NULL,NULL,NULL,NULL,'2024-10-26',1,53),
(27,NULL,NULL,NULL,NULL,'2024-06-21',1,53),
(28,NULL,NULL,NULL,NULL,'2024-07-23',7,40),
(29,NULL,NULL,NULL,NULL,'2024-07-16',7,32),
(30,NULL,NULL,NULL,NULL,'2024-07-08',7,32),
(31,NULL,NULL,NULL,NULL,'2024-04-02',2,60),
(32,NULL,NULL,NULL,NULL,'2024-07-09',1,60),
(33,NULL,NULL,NULL,NULL,'2024-08-15',7,60),
(34,NULL,NULL,NULL,NULL,'2024-12-01',5,27),
(35,NULL,NULL,NULL,NULL,'2024-02-24',5,48),
(36,NULL,NULL,NULL,NULL,'2024-04-21',6,38),
(37,NULL,NULL,NULL,NULL,'2024-07-15',4,38),
(38,NULL,NULL,NULL,NULL,'2024-08-12',5,38),
(39,NULL,NULL,NULL,NULL,'2024-08-03',8,14),
(40,NULL,NULL,NULL,NULL,'2024-09-14',2,24),
(41,NULL,NULL,NULL,NULL,'2024-12-16',5,24),
(42,NULL,NULL,NULL,NULL,'2024-09-30',8,50),
(43,NULL,NULL,NULL,NULL,'2024-05-11',3,50),
(44,NULL,NULL,NULL,NULL,'2024-07-28',5,59),
(45,NULL,NULL,NULL,NULL,'2024-03-22',10,59),
(46,NULL,NULL,NULL,NULL,'2024-12-13',7,10),
(47,NULL,NULL,NULL,NULL,'2024-11-12',10,10),
(48,NULL,NULL,NULL,NULL,'2024-04-09',8,30),
(49,NULL,NULL,NULL,NULL,'2024-06-21',7,30),
(50,NULL,NULL,NULL,NULL,'2024-06-25',4,30),
(51,NULL,NULL,NULL,NULL,'2024-12-21',6,58),
(52,NULL,NULL,NULL,NULL,'2024-12-06',4,28),
(53,NULL,NULL,NULL,NULL,'2024-11-23',3,28),
(54,NULL,NULL,NULL,NULL,'2024-12-27',7,19),
(55,NULL,NULL,NULL,NULL,'2024-07-28',4,19),
(56,NULL,NULL,NULL,NULL,'2024-01-02',7,11),
(57,NULL,NULL,NULL,NULL,'2024-09-13',2,11),
(58,NULL,NULL,NULL,NULL,'2024-01-01',4,3),
(59,NULL,NULL,NULL,NULL,'2024-06-07',9,3),
(60,NULL,NULL,NULL,NULL,'2024-09-18',3,3),
(61,NULL,NULL,NULL,NULL,'2024-05-15',4,23),
(62,NULL,NULL,NULL,NULL,'2024-08-27',7,23),
(63,NULL,NULL,NULL,NULL,'2024-11-16',9,52),
(64,NULL,NULL,NULL,NULL,'2024-11-19',10,52),
(65,NULL,NULL,NULL,NULL,'2024-05-27',10,52),
(66,NULL,NULL,NULL,NULL,'2024-02-23',1,22),
(67,NULL,NULL,NULL,NULL,'2024-10-24',2,31),
(68,NULL,NULL,NULL,NULL,'2024-01-30',1,31),
(69,NULL,NULL,NULL,NULL,'2024-07-08',5,56),
(70,NULL,NULL,NULL,NULL,'2024-11-16',9,56),
(71,NULL,NULL,NULL,NULL,'2024-10-21',10,29),
(72,NULL,NULL,NULL,NULL,'2024-04-09',5,29),
(73,NULL,NULL,NULL,NULL,'2024-07-21',2,29),
(74,NULL,NULL,NULL,NULL,'2024-05-15',3,42),
(75,NULL,NULL,NULL,NULL,'2024-06-17',8,42),
(76,NULL,NULL,NULL,NULL,'2024-08-16',3,2),
(77,NULL,NULL,NULL,NULL,'2024-08-02',7,55),
(78,NULL,NULL,NULL,NULL,'2024-04-01',9,55),
(79,NULL,NULL,NULL,NULL,'2024-05-08',6,55),
(80,NULL,NULL,NULL,NULL,'2024-08-25',5,18),
(81,NULL,NULL,NULL,NULL,'2024-04-04',7,1),
(82,NULL,NULL,NULL,NULL,'2024-10-20',8,1),
(83,NULL,NULL,NULL,NULL,'2024-12-06',8,1),
(84,NULL,NULL,NULL,NULL,'2024-09-29',2,46),
(85,NULL,NULL,NULL,NULL,'2024-09-24',8,4),
(86,NULL,NULL,NULL,NULL,'2024-06-17',2,51),
(87,NULL,NULL,NULL,NULL,'2024-06-20',2,33),
(88,NULL,NULL,NULL,NULL,'2024-10-18',1,33),
(89,NULL,NULL,NULL,NULL,'2024-05-20',9,20),
(90,NULL,NULL,NULL,NULL,'2024-10-25',1,20),
(91,NULL,NULL,NULL,NULL,'2024-07-30',6,20),
(92,NULL,NULL,NULL,NULL,'2024-03-10',3,8),
(93,NULL,NULL,NULL,NULL,'2024-01-25',10,8),
(94,NULL,NULL,NULL,NULL,'2024-01-25',1,21),
(95,NULL,NULL,NULL,NULL,'2024-09-18',6,21),
(96,NULL,NULL,NULL,NULL,'2024-05-29',9,57),
(97,NULL,NULL,NULL,NULL,'2024-01-30',8,36),
(98,NULL,NULL,NULL,NULL,'2024-04-27',7,26),
(99,NULL,NULL,NULL,NULL,'2024-02-29',4,26),
(100,NULL,NULL,NULL,NULL,'2024-03-28',8,26),
(101,NULL,NULL,NULL,NULL,'2024-12-02',5,37),
(102,NULL,NULL,NULL,NULL,'2024-02-06',6,37),
(103,NULL,NULL,NULL,NULL,'2024-10-13',4,43),
(104,NULL,NULL,NULL,NULL,'2024-12-25',3,43),
(105,NULL,NULL,NULL,NULL,'2024-11-30',6,43),
(106,NULL,NULL,NULL,NULL,'2024-05-26',1,95),
(107,NULL,NULL,NULL,NULL,'2024-05-28',5,66),
(108,NULL,NULL,NULL,NULL,'2024-09-09',2,66),
(109,NULL,NULL,NULL,NULL,'2024-02-07',7,66),
(110,NULL,NULL,NULL,NULL,'2024-03-24',6,108),
(111,NULL,NULL,NULL,NULL,'2024-06-20',6,104),
(112,NULL,NULL,NULL,NULL,'2024-01-18',6,104),
(113,NULL,NULL,NULL,NULL,'2024-05-18',7,104),
(114,NULL,NULL,NULL,NULL,'2024-10-07',4,68),
(115,NULL,NULL,NULL,NULL,'2024-12-21',3,68),
(116,NULL,NULL,NULL,NULL,'2024-05-27',1,68),
(117,NULL,NULL,NULL,NULL,'2024-08-02',7,107),
(118,NULL,NULL,NULL,NULL,'2024-04-26',9,107),
(119,NULL,NULL,NULL,NULL,'2024-09-25',3,107),
(120,NULL,NULL,NULL,NULL,'2024-04-18',1,69),
(121,NULL,NULL,NULL,NULL,'2024-11-27',4,69),
(122,NULL,NULL,NULL,NULL,'2024-10-17',3,110),
(123,NULL,NULL,NULL,NULL,'2024-08-10',2,110),
(124,NULL,NULL,NULL,NULL,'2024-01-15',10,70),
(125,NULL,NULL,NULL,NULL,'2024-04-02',3,116),
(126,NULL,NULL,NULL,NULL,'2024-02-01',5,115),
(127,NULL,NULL,NULL,NULL,'2024-04-03',5,115),
(128,NULL,NULL,NULL,NULL,'2024-08-08',10,115),
(129,NULL,NULL,NULL,NULL,'2024-11-25',1,63),
(130,NULL,NULL,NULL,NULL,'2024-07-21',9,93),
(131,NULL,NULL,NULL,NULL,'2024-03-25',2,102),
(132,NULL,NULL,NULL,NULL,'2024-04-29',10,102),
(133,NULL,NULL,NULL,NULL,'2024-03-08',7,85),
(134,NULL,NULL,NULL,NULL,'2024-11-09',8,85),
(135,NULL,NULL,NULL,NULL,'2024-09-14',6,71),
(136,NULL,NULL,NULL,NULL,'2024-10-20',4,83),
(137,NULL,NULL,NULL,NULL,'2024-02-21',4,75),
(138,NULL,NULL,NULL,NULL,'2024-11-09',7,75),
(139,NULL,NULL,NULL,NULL,'2024-03-09',3,101),
(140,NULL,NULL,NULL,NULL,'2024-03-29',4,82),
(141,NULL,NULL,NULL,NULL,'2024-03-26',5,82),
(142,NULL,NULL,NULL,NULL,'2024-12-10',9,64),
(143,NULL,NULL,NULL,NULL,'2024-10-05',9,64),
(144,NULL,NULL,NULL,NULL,'2024-04-30',2,64),
(145,NULL,NULL,NULL,NULL,'2024-04-26',9,97),
(146,NULL,NULL,NULL,NULL,'2024-07-21',7,88),
(147,NULL,NULL,NULL,NULL,'2024-10-14',9,88),
(148,NULL,NULL,NULL,NULL,'2024-05-03',2,88),
(149,NULL,NULL,NULL,NULL,'2024-10-16',6,73),
(150,NULL,NULL,NULL,NULL,'2024-09-10',6,73),
(151,NULL,NULL,NULL,NULL,'2024-11-17',2,80),
(152,NULL,NULL,NULL,NULL,'2024-08-11',1,106),
(153,NULL,NULL,NULL,NULL,'2024-04-07',6,84),
(154,NULL,NULL,NULL,NULL,'2024-04-04',5,96),
(155,NULL,NULL,NULL,NULL,'2024-01-06',5,65),
(156,NULL,NULL,NULL,NULL,'2024-09-28',10,65),
(157,NULL,NULL,NULL,NULL,'2024-07-05',4,76),
(158,NULL,NULL,NULL,NULL,'2024-03-22',2,76),
(159,NULL,NULL,NULL,NULL,'2024-03-13',7,81),
(160,NULL,NULL,NULL,NULL,'2024-09-28',5,81),
(161,NULL,NULL,NULL,NULL,'2024-08-19',4,77),
(162,NULL,NULL,NULL,NULL,'2024-01-14',1,77),
(163,NULL,NULL,NULL,NULL,'2024-03-13',4,90),
(164,NULL,NULL,NULL,NULL,'2024-02-10',10,90),
(165,NULL,NULL,NULL,NULL,'2024-07-02',1,61),
(166,NULL,NULL,NULL,NULL,'2024-07-11',6,61),
(167,NULL,NULL,NULL,NULL,'2024-03-19',9,112),
(168,NULL,NULL,NULL,NULL,'2024-01-15',1,113),
(169,NULL,NULL,NULL,NULL,'2024-04-23',4,89),
(170,NULL,NULL,NULL,NULL,'2024-05-11',10,111),
(171,NULL,NULL,NULL,NULL,'2024-11-26',2,111),
(172,NULL,NULL,NULL,NULL,'2024-02-28',7,99),
(173,NULL,NULL,NULL,NULL,'2024-02-11',7,105),
(174,NULL,NULL,NULL,NULL,'2024-09-11',6,105),
(175,NULL,NULL,NULL,NULL,'2024-10-12',7,105),
(176,NULL,NULL,NULL,NULL,'2024-11-26',9,91),
(177,NULL,NULL,NULL,NULL,'2024-06-16',5,91),
(178,NULL,NULL,NULL,NULL,'2024-02-29',6,78),
(179,NULL,NULL,NULL,NULL,'2024-09-28',5,78),
(180,NULL,NULL,NULL,NULL,'2024-02-02',4,78),
(181,NULL,NULL,NULL,NULL,'2024-05-16',4,74),
(182,NULL,NULL,NULL,NULL,'2024-02-22',10,103),
(183,NULL,NULL,NULL,NULL,'2024-06-06',5,103),
(184,NULL,NULL,NULL,NULL,'2024-05-04',10,79),
(185,NULL,NULL,NULL,NULL,'2024-08-14',4,79),
(186,NULL,NULL,NULL,NULL,'2024-09-24',8,79),
(187,NULL,NULL,NULL,NULL,'2024-05-14',10,87),
(188,NULL,NULL,NULL,NULL,'2024-03-03',7,94),
(189,NULL,NULL,NULL,NULL,'2024-05-24',1,98),
(190,NULL,NULL,NULL,NULL,'2024-12-26',8,98),
(191,NULL,NULL,NULL,NULL,'2024-08-06',8,98),
(192,NULL,NULL,NULL,NULL,'2024-04-30',9,100),
(193,NULL,NULL,NULL,NULL,'2024-12-21',10,100),
(194,NULL,NULL,NULL,NULL,'2024-05-26',2,114),
(195,NULL,NULL,NULL,NULL,'2024-04-16',7,114),
(196,NULL,NULL,NULL,NULL,'2024-10-29',2,114),
(197,NULL,NULL,NULL,NULL,'2024-09-07',8,92),
(198,NULL,NULL,NULL,NULL,'2024-10-31',6,92),
(199,NULL,NULL,NULL,NULL,'2024-01-25',1,72),
(200,NULL,NULL,NULL,NULL,'2024-11-20',2,86),
(201,NULL,NULL,NULL,NULL,'2024-07-28',3,86),
(202,NULL,NULL,NULL,NULL,'2024-08-04',4,86),
(203,NULL,NULL,NULL,NULL,'2024-10-23',10,67),
(204,NULL,NULL,NULL,NULL,'2024-01-11',1,67),
(205,NULL,NULL,NULL,NULL,'2024-06-13',2,67),
(206,NULL,NULL,NULL,NULL,'2024-04-07',3,159),
(207,NULL,NULL,NULL,NULL,'2024-09-18',6,159),
(208,NULL,NULL,NULL,NULL,'2024-04-27',9,157),
(209,NULL,NULL,NULL,NULL,'2024-11-04',6,123),
(210,NULL,NULL,NULL,NULL,'2024-02-06',9,123),
(211,NULL,NULL,NULL,NULL,'2024-10-11',4,123),
(212,NULL,NULL,NULL,NULL,'2024-10-20',3,117),
(213,NULL,NULL,NULL,NULL,'2024-06-21',1,117),
(214,NULL,NULL,NULL,NULL,'2024-10-24',7,144),
(215,NULL,NULL,NULL,NULL,'2024-01-06',2,144),
(216,NULL,NULL,NULL,NULL,'2024-02-15',7,144),
(217,NULL,NULL,NULL,NULL,'2024-02-24',8,135),
(218,NULL,NULL,NULL,NULL,'2024-01-03',2,135),
(219,NULL,NULL,NULL,NULL,'2024-05-03',2,128),
(220,NULL,NULL,NULL,NULL,'2024-02-28',4,125),
(221,NULL,NULL,NULL,NULL,'2024-05-12',3,125),
(222,NULL,NULL,NULL,NULL,'2024-03-29',5,161),
(223,NULL,NULL,NULL,NULL,'2024-12-12',9,161),
(224,NULL,NULL,NULL,NULL,'2024-02-15',4,161),
(225,NULL,NULL,NULL,NULL,'2024-06-14',2,165),
(226,NULL,NULL,NULL,NULL,'2024-04-21',1,165),
(227,NULL,NULL,NULL,NULL,'2024-07-26',5,165),
(228,NULL,NULL,NULL,NULL,'2024-01-22',9,164),
(229,NULL,NULL,NULL,NULL,'2024-11-28',8,164),
(230,NULL,NULL,NULL,NULL,'2024-10-04',8,143),
(231,NULL,NULL,NULL,NULL,'2024-06-27',10,143),
(232,NULL,NULL,NULL,NULL,'2024-03-07',6,168),
(233,NULL,NULL,NULL,NULL,'2024-12-22',6,136),
(234,NULL,NULL,NULL,NULL,'2024-04-16',4,160),
(235,NULL,NULL,NULL,NULL,'2024-11-05',9,160),
(236,NULL,NULL,NULL,NULL,'2024-08-31',7,160),
(237,NULL,NULL,NULL,NULL,'2024-06-26',10,170),
(238,NULL,NULL,NULL,NULL,'2024-09-22',3,141),
(239,NULL,NULL,NULL,NULL,'2024-06-06',9,141),
(240,NULL,NULL,NULL,NULL,'2024-01-09',1,141),
(241,NULL,NULL,NULL,NULL,'2024-06-25',10,158),
(242,NULL,NULL,NULL,NULL,'2024-03-06',3,158),
(243,NULL,NULL,NULL,NULL,'2024-01-24',7,158),
(244,NULL,NULL,NULL,NULL,'2024-06-12',9,121),
(245,NULL,NULL,NULL,NULL,'2024-05-29',9,134),
(246,NULL,NULL,NULL,NULL,'2024-03-29',6,134),
(247,NULL,NULL,NULL,NULL,'2024-06-17',9,134),
(248,NULL,NULL,NULL,NULL,'2024-10-08',2,150),
(249,NULL,NULL,NULL,NULL,'2024-01-17',5,150),
(250,NULL,NULL,NULL,NULL,'2024-08-04',6,150),
(251,NULL,NULL,NULL,NULL,'2024-01-21',3,169),
(252,NULL,NULL,NULL,NULL,'2024-08-31',2,133),
(253,NULL,NULL,NULL,NULL,'2024-10-05',7,166),
(254,NULL,NULL,NULL,NULL,'2024-07-13',9,166),
(255,NULL,NULL,NULL,NULL,'2024-11-24',10,140),
(256,NULL,NULL,NULL,NULL,'2024-05-12',7,140),
(257,NULL,NULL,NULL,NULL,'2024-06-29',4,122),
(258,NULL,NULL,NULL,NULL,'2024-05-14',2,154),
(259,NULL,NULL,NULL,NULL,'2024-01-03',2,163),
(260,NULL,NULL,NULL,NULL,'2024-07-18',6,163),
(261,NULL,NULL,NULL,NULL,'2024-10-30',6,163),
(262,NULL,NULL,NULL,NULL,'2024-03-04',10,146),
(263,NULL,NULL,NULL,NULL,'2024-05-21',5,120),
(264,NULL,NULL,NULL,NULL,'2024-03-07',7,120),
(265,NULL,NULL,NULL,NULL,'2024-12-07',3,120),
(266,NULL,NULL,NULL,NULL,'2024-12-25',5,118),
(267,NULL,NULL,NULL,NULL,'2024-10-07',1,149),
(268,NULL,NULL,NULL,NULL,'2024-09-30',9,149),
(269,NULL,NULL,NULL,NULL,'2024-03-13',5,149),
(270,NULL,NULL,NULL,NULL,'2024-09-25',7,119),
(271,NULL,NULL,NULL,NULL,'2024-05-15',3,155),
(272,NULL,NULL,NULL,NULL,'2024-08-10',5,155),
(273,NULL,NULL,NULL,NULL,'2024-02-17',7,155),
(274,NULL,NULL,NULL,NULL,'2024-09-08',1,132),
(275,NULL,NULL,NULL,NULL,'2024-09-01',4,132),
(276,NULL,NULL,NULL,NULL,'2024-09-12',2,129),
(277,NULL,NULL,NULL,NULL,'2024-05-03',5,129),
(278,NULL,NULL,NULL,NULL,'2024-01-20',9,129),
(279,NULL,NULL,NULL,NULL,'2024-02-05',8,152),
(280,NULL,NULL,NULL,NULL,'2024-03-07',9,126),
(281,NULL,NULL,NULL,NULL,'2024-10-01',6,126),
(282,NULL,NULL,NULL,NULL,'2024-01-08',2,139),
(283,NULL,NULL,NULL,NULL,'2024-08-18',1,147),
(284,NULL,NULL,NULL,NULL,'2024-08-22',9,130),
(285,NULL,NULL,NULL,NULL,'2024-04-20',1,162),
(286,NULL,NULL,NULL,NULL,'2024-11-06',1,162),
(287,NULL,NULL,NULL,NULL,'2024-11-23',3,137),
(288,NULL,NULL,NULL,NULL,'2024-03-05',3,151),
(289,NULL,NULL,NULL,NULL,'2024-08-22',9,151),
(290,NULL,NULL,NULL,NULL,'2024-01-11',10,124),
(291,NULL,NULL,NULL,NULL,'2024-06-03',1,124),
(292,NULL,NULL,NULL,NULL,'2024-12-17',1,127),
(293,NULL,NULL,NULL,NULL,'2024-07-20',10,156),
(294,NULL,NULL,NULL,NULL,'2024-03-10',8,145),
(295,NULL,NULL,NULL,NULL,'2024-10-20',5,145),
(296,NULL,NULL,NULL,NULL,'2024-12-19',3,142),
(297,NULL,NULL,NULL,NULL,'2024-06-17',1,142),
(298,NULL,NULL,NULL,NULL,'2024-10-01',6,131),
(299,NULL,NULL,NULL,NULL,'2024-12-07',4,131),
(300,NULL,NULL,NULL,NULL,'2024-12-12',7,131),
(301,NULL,NULL,NULL,NULL,'2024-10-11',7,203),
(302,NULL,NULL,NULL,NULL,'2024-03-19',10,203),
(303,NULL,NULL,NULL,NULL,'2024-04-18',8,203),
(304,NULL,NULL,NULL,NULL,'2024-12-18',2,187),
(305,NULL,NULL,NULL,NULL,'2024-06-18',7,187),
(306,NULL,NULL,NULL,NULL,'2024-09-29',7,187),
(307,NULL,NULL,NULL,NULL,'2024-04-20',6,201),
(308,NULL,NULL,NULL,NULL,'2024-02-15',2,201),
(309,NULL,NULL,NULL,NULL,'2024-07-16',4,176),
(310,NULL,NULL,NULL,NULL,'2024-12-30',4,195),
(311,NULL,NULL,NULL,NULL,'2024-06-23',4,216),
(312,NULL,NULL,NULL,NULL,'2024-04-04',2,216),
(313,NULL,NULL,NULL,NULL,'2024-02-14',1,197),
(314,NULL,NULL,NULL,NULL,'2024-07-13',8,221),
(315,NULL,NULL,NULL,NULL,'2024-05-14',4,221),
(316,NULL,NULL,NULL,NULL,'2024-06-22',8,221),
(317,NULL,NULL,NULL,NULL,'2024-04-03',1,209),
(318,NULL,NULL,NULL,NULL,'2024-11-22',9,209),
(319,NULL,NULL,NULL,NULL,'2024-11-01',7,209),
(320,NULL,NULL,NULL,NULL,'2024-06-12',7,190),
(321,NULL,NULL,NULL,NULL,'2024-03-27',5,190),
(322,NULL,NULL,NULL,NULL,'2024-03-14',10,190),
(323,NULL,NULL,NULL,NULL,'2024-07-10',10,220),
(324,NULL,NULL,NULL,NULL,'2024-09-04',3,220),
(325,NULL,NULL,NULL,NULL,'2024-04-03',8,171),
(326,NULL,NULL,NULL,NULL,'2024-12-17',8,171),
(327,NULL,NULL,NULL,NULL,'2024-11-01',8,206),
(328,NULL,NULL,NULL,NULL,'2024-06-02',10,206),
(329,NULL,NULL,NULL,NULL,'2024-08-16',9,206),
(330,NULL,NULL,NULL,NULL,'2024-02-20',8,182),
(331,NULL,NULL,NULL,NULL,'2024-01-18',8,182),
(332,NULL,NULL,NULL,NULL,'2024-04-08',8,182),
(333,NULL,NULL,NULL,NULL,'2024-09-07',6,172),
(334,NULL,NULL,NULL,NULL,'2024-08-11',7,215),
(335,NULL,NULL,NULL,NULL,'2024-04-10',1,185),
(336,NULL,NULL,NULL,NULL,'2024-03-03',3,185),
(337,NULL,NULL,NULL,NULL,'2024-10-03',7,214),
(338,NULL,NULL,NULL,NULL,'2024-02-27',1,214),
(339,NULL,NULL,NULL,NULL,'2024-10-28',3,214),
(340,NULL,NULL,NULL,NULL,'2024-03-09',4,208),
(341,NULL,NULL,NULL,NULL,'2024-05-09',4,208),
(342,NULL,NULL,NULL,NULL,'2024-06-26',1,208),
(343,NULL,NULL,NULL,NULL,'2024-01-23',1,181),
(344,NULL,NULL,NULL,NULL,'2024-01-20',4,181),
(345,NULL,NULL,NULL,NULL,'2024-04-22',4,181),
(346,NULL,NULL,NULL,NULL,'2024-04-19',4,210),
(347,NULL,NULL,NULL,NULL,'2024-01-04',9,210),
(348,NULL,NULL,NULL,NULL,'2024-08-24',3,210),
(349,NULL,NULL,NULL,NULL,'2024-06-29',8,180),
(350,NULL,NULL,NULL,NULL,'2024-06-26',6,180),
(351,NULL,NULL,NULL,NULL,'2024-05-29',4,179),
(352,NULL,NULL,NULL,NULL,'2024-11-26',1,179),
(353,NULL,NULL,NULL,NULL,'2024-03-26',2,222),
(354,NULL,NULL,NULL,NULL,'2024-01-22',10,222),
(355,NULL,NULL,NULL,NULL,'2024-05-24',7,183),
(356,NULL,NULL,NULL,NULL,'2024-04-05',6,205),
(357,NULL,NULL,NULL,NULL,'2024-06-20',8,205),
(358,NULL,NULL,NULL,NULL,'2024-11-26',5,198),
(359,NULL,NULL,NULL,NULL,'2024-11-27',8,198),
(360,NULL,NULL,NULL,NULL,'2024-01-08',8,198),
(361,NULL,NULL,NULL,NULL,'2024-05-10',1,219),
(362,NULL,NULL,NULL,NULL,'2024-11-05',9,219),
(363,NULL,NULL,NULL,NULL,'2024-02-25',6,200),
(364,NULL,NULL,NULL,NULL,'2024-12-30',7,217),
(365,NULL,NULL,NULL,NULL,'2024-03-30',1,218),
(366,NULL,NULL,NULL,NULL,'2024-07-02',6,218),
(367,NULL,NULL,NULL,NULL,'2024-06-22',10,211),
(368,NULL,NULL,NULL,NULL,'2024-06-12',5,211),
(369,NULL,NULL,NULL,NULL,'2024-07-18',5,175),
(370,NULL,NULL,NULL,NULL,'2024-11-04',3,175),
(371,NULL,NULL,NULL,NULL,'2024-12-06',4,175),
(372,NULL,NULL,NULL,NULL,'2024-02-10',9,188),
(373,NULL,NULL,NULL,NULL,'2024-12-08',2,188),
(374,NULL,NULL,NULL,NULL,'2024-02-11',2,202),
(375,NULL,NULL,NULL,NULL,'2024-02-27',4,202),
(376,NULL,NULL,NULL,NULL,'2024-06-13',7,189),
(377,NULL,NULL,NULL,NULL,'2024-05-05',4,189),
(378,NULL,NULL,NULL,NULL,'2024-10-10',3,194),
(379,NULL,NULL,NULL,NULL,'2024-07-22',9,193),
(380,NULL,NULL,NULL,NULL,'2024-11-29',3,193),
(381,NULL,NULL,NULL,NULL,'2024-06-09',6,184),
(382,NULL,NULL,NULL,NULL,'2024-05-17',7,178),
(383,NULL,NULL,NULL,NULL,'2024-03-27',3,199),
(384,NULL,NULL,NULL,NULL,'2024-12-09',10,199),
(385,NULL,NULL,NULL,NULL,'2024-03-20',1,192),
(386,NULL,NULL,NULL,NULL,'2024-06-30',5,173),
(387,NULL,NULL,NULL,NULL,'2024-01-31',3,207),
(388,NULL,NULL,NULL,NULL,'2024-05-27',3,207),
(389,NULL,NULL,NULL,NULL,'2024-10-23',6,212),
(390,NULL,NULL,NULL,NULL,'2024-05-06',5,212),
(391,NULL,NULL,NULL,NULL,'2024-05-02',6,212),
(392,NULL,NULL,NULL,NULL,'2024-05-09',4,186),
(393,NULL,NULL,NULL,NULL,'2024-11-02',2,213),
(394,NULL,NULL,NULL,NULL,'2024-10-13',2,213),
(395,NULL,NULL,NULL,NULL,'2024-11-22',1,191),
(396,NULL,NULL,NULL,NULL,'2024-04-10',8,235),
(397,NULL,NULL,NULL,NULL,'2024-06-13',8,243),
(398,NULL,NULL,NULL,NULL,'2024-06-30',2,243),
(399,NULL,NULL,NULL,NULL,'2024-12-18',3,243),
(400,NULL,NULL,NULL,NULL,'2024-11-02',5,254),
(401,NULL,NULL,NULL,NULL,'2024-11-22',1,254),
(402,NULL,NULL,NULL,NULL,'2024-01-23',4,247),
(403,NULL,NULL,NULL,NULL,'2024-06-10',9,246),
(404,NULL,NULL,NULL,NULL,'2024-11-09',4,246),
(405,NULL,NULL,NULL,NULL,'2024-02-26',8,246),
(406,NULL,NULL,NULL,NULL,'2024-08-01',9,231),
(407,NULL,NULL,NULL,NULL,'2024-03-04',4,231),
(408,NULL,NULL,NULL,NULL,'2024-09-03',3,262),
(409,NULL,NULL,NULL,NULL,'2024-04-13',3,272),
(410,NULL,NULL,NULL,NULL,'2024-11-16',3,237),
(411,NULL,NULL,NULL,NULL,'2024-10-28',2,236),
(412,NULL,NULL,NULL,NULL,'2024-02-11',5,236),
(413,NULL,NULL,NULL,NULL,'2024-09-21',4,250),
(414,NULL,NULL,NULL,NULL,'2024-12-12',1,255),
(415,NULL,NULL,NULL,NULL,'2024-08-13',10,255),
(416,NULL,NULL,NULL,NULL,'2024-08-20',10,255),
(417,NULL,NULL,NULL,NULL,'2024-10-22',5,252),
(418,NULL,NULL,NULL,NULL,'2024-09-22',5,252),
(419,NULL,NULL,NULL,NULL,'2024-03-07',8,252),
(420,NULL,NULL,NULL,NULL,'2024-10-02',8,240),
(421,NULL,NULL,NULL,NULL,'2024-09-01',6,240),
(422,NULL,NULL,NULL,NULL,'2024-09-19',4,240),
(423,NULL,NULL,NULL,NULL,'2024-03-10',2,249),
(424,NULL,NULL,NULL,NULL,'2024-11-24',2,249),
(425,NULL,NULL,NULL,NULL,'2024-03-28',2,249),
(426,NULL,NULL,NULL,NULL,'2024-09-27',4,282),
(427,NULL,NULL,NULL,NULL,'2024-09-25',3,282),
(428,NULL,NULL,NULL,NULL,'2024-08-02',10,282),
(429,NULL,NULL,NULL,NULL,'2024-01-09',5,251),
(430,NULL,NULL,NULL,NULL,'2024-07-16',5,251),
(431,NULL,NULL,NULL,NULL,'2024-12-09',3,251),
(432,NULL,NULL,NULL,NULL,'2024-01-27',10,274),
(433,NULL,NULL,NULL,NULL,'2024-11-03',2,274),
(434,NULL,NULL,NULL,NULL,'2024-05-09',9,241),
(435,NULL,NULL,NULL,NULL,'2024-03-20',3,256),
(436,NULL,NULL,NULL,NULL,'2024-06-27',8,256),
(437,NULL,NULL,NULL,NULL,'2024-03-27',8,225),
(438,NULL,NULL,NULL,NULL,'2024-07-09',6,225),
(439,NULL,NULL,NULL,NULL,'2024-04-17',4,225),
(440,NULL,NULL,NULL,NULL,'2024-05-22',5,273),
(441,NULL,NULL,NULL,NULL,'2024-11-08',4,273),
(442,NULL,NULL,NULL,NULL,'2024-10-30',9,273),
(443,NULL,NULL,NULL,NULL,'2024-12-23',8,244),
(444,NULL,NULL,NULL,NULL,'2024-08-31',3,270),
(445,NULL,NULL,NULL,NULL,'2024-11-27',5,270),
(446,NULL,NULL,NULL,NULL,'2024-08-23',5,270),
(447,NULL,NULL,NULL,NULL,'2024-11-14',4,261),
(448,NULL,NULL,NULL,NULL,'2024-09-24',1,229),
(449,NULL,NULL,NULL,NULL,'2024-05-23',8,229),
(450,NULL,NULL,NULL,NULL,'2024-01-08',6,276),
(451,NULL,NULL,NULL,NULL,'2024-11-14',3,234),
(452,NULL,NULL,NULL,NULL,'2024-05-19',9,234),
(453,NULL,NULL,NULL,NULL,'2024-03-12',2,263),
(454,NULL,NULL,NULL,NULL,'2024-09-19',7,263),
(455,NULL,NULL,NULL,NULL,'2024-11-06',10,263),
(456,NULL,NULL,NULL,NULL,'2024-07-09',9,257),
(457,NULL,NULL,NULL,NULL,'2024-01-13',3,277),
(458,NULL,NULL,NULL,NULL,'2024-09-03',2,275),
(459,NULL,NULL,NULL,NULL,'2024-11-06',2,275),
(460,NULL,NULL,NULL,NULL,'2024-06-05',7,275),
(461,NULL,NULL,NULL,NULL,'2024-07-23',9,266),
(462,NULL,NULL,NULL,NULL,'2024-09-23',10,266),
(463,NULL,NULL,NULL,NULL,'2024-01-02',8,266),
(464,NULL,NULL,NULL,NULL,'2024-08-20',2,258),
(465,NULL,NULL,NULL,NULL,'2024-10-27',10,258),
(466,NULL,NULL,NULL,NULL,'2024-07-07',10,258),
(467,NULL,NULL,NULL,NULL,'2024-06-14',6,223),
(468,NULL,NULL,NULL,NULL,'2024-11-25',1,280),
(469,NULL,NULL,NULL,NULL,'2024-05-04',3,279),
(470,NULL,NULL,NULL,NULL,'2024-10-15',5,228),
(471,NULL,NULL,NULL,NULL,'2024-04-27',4,228),
(472,NULL,NULL,NULL,NULL,'2024-09-01',10,228),
(473,NULL,NULL,NULL,NULL,'2024-04-21',5,248),
(474,NULL,NULL,NULL,NULL,'2024-05-10',8,230),
(475,NULL,NULL,NULL,NULL,'2024-03-31',1,230),
(476,NULL,NULL,NULL,NULL,'2024-02-14',10,278),
(477,NULL,NULL,NULL,NULL,'2024-04-04',7,226),
(478,NULL,NULL,NULL,NULL,'2024-12-18',7,242),
(479,NULL,NULL,NULL,NULL,'2024-03-16',10,242),
(480,NULL,NULL,NULL,NULL,'2024-10-18',4,242),
(481,NULL,NULL,NULL,NULL,'2024-02-24',5,269),
(482,NULL,NULL,NULL,NULL,'2024-02-05',2,269),
(483,NULL,NULL,NULL,NULL,'2024-03-14',8,239),
(484,NULL,NULL,NULL,NULL,'2024-09-15',4,239),
(485,NULL,NULL,NULL,NULL,'2024-07-23',2,260),
(486,NULL,NULL,NULL,NULL,'2024-05-29',9,271),
(487,NULL,NULL,NULL,NULL,'2024-10-13',4,227),
(488,NULL,NULL,NULL,NULL,'2024-10-27',6,227),
(489,NULL,NULL,NULL,NULL,'2024-11-05',10,245),
(490,NULL,NULL,NULL,NULL,'2024-03-28',6,245),
(491,NULL,NULL,NULL,NULL,'2024-04-28',3,268),
(492,NULL,NULL,NULL,NULL,'2024-07-27',3,268),
(493,NULL,NULL,NULL,NULL,'2024-05-09',8,238),
(494,NULL,NULL,NULL,NULL,'2024-12-21',6,238),
(495,NULL,NULL,NULL,NULL,'2024-02-08',6,281),
(496,NULL,NULL,NULL,NULL,'2024-09-20',10,281),
(497,NULL,NULL,NULL,NULL,'2024-09-08',4,253),
(498,NULL,NULL,NULL,NULL,'2024-01-11',9,267),
(499,NULL,NULL,NULL,NULL,'2024-12-13',8,267),
(500,NULL,NULL,NULL,NULL,'2024-09-29',7,267),
(501,NULL,NULL,NULL,NULL,'2024-02-17',4,265),
(502,NULL,NULL,NULL,NULL,'2024-11-16',10,264),
(503,NULL,NULL,NULL,NULL,'2024-09-02',7,264),
(504,NULL,NULL,NULL,NULL,'2024-08-29',1,297),
(505,NULL,NULL,NULL,NULL,'2024-03-21',3,297),
(506,NULL,NULL,NULL,NULL,'2024-11-20',5,297),
(507,NULL,NULL,NULL,NULL,'2024-01-19',6,287),
(508,NULL,NULL,NULL,NULL,'2024-12-09',4,287),
(509,NULL,NULL,NULL,NULL,'2024-09-02',10,298),
(510,NULL,NULL,NULL,NULL,'2024-10-23',10,298),
(511,NULL,NULL,NULL,NULL,'2024-01-18',7,317),
(512,NULL,NULL,NULL,NULL,'2024-11-02',4,317),
(513,NULL,NULL,NULL,NULL,'2024-09-12',2,317),
(514,NULL,NULL,NULL,NULL,'2024-04-20',3,324),
(515,NULL,NULL,NULL,NULL,'2024-08-31',3,324),
(516,NULL,NULL,NULL,NULL,'2024-03-01',6,324),
(517,NULL,NULL,NULL,NULL,'2024-02-26',9,307),
(518,NULL,NULL,NULL,NULL,'2024-12-30',8,307),
(519,NULL,NULL,NULL,NULL,'2024-03-15',10,293),
(520,NULL,NULL,NULL,NULL,'2024-09-27',1,293),
(521,NULL,NULL,NULL,NULL,'2024-07-19',3,293),
(522,NULL,NULL,NULL,NULL,'2024-05-10',4,291),
(523,NULL,NULL,NULL,NULL,'2024-11-23',3,334),
(524,NULL,NULL,NULL,NULL,'2024-01-11',3,334),
(525,NULL,NULL,NULL,NULL,'2024-05-22',5,334),
(526,NULL,NULL,NULL,NULL,'2024-04-11',8,338),
(527,NULL,NULL,NULL,NULL,'2024-08-14',7,338),
(528,NULL,NULL,NULL,NULL,'2024-02-19',5,303),
(529,NULL,NULL,NULL,NULL,'2024-09-12',9,303),
(530,NULL,NULL,NULL,NULL,'2024-12-11',1,303),
(531,NULL,NULL,NULL,NULL,'2024-11-26',4,333),
(532,NULL,NULL,NULL,NULL,'2024-06-12',3,333),
(533,NULL,NULL,NULL,NULL,'2024-12-18',1,330),
(534,NULL,NULL,NULL,NULL,'2024-09-19',7,325),
(535,NULL,NULL,NULL,NULL,'2024-09-23',6,305),
(536,NULL,NULL,NULL,NULL,'2024-07-09',7,337),
(537,NULL,NULL,NULL,NULL,'2024-02-04',4,337),
(538,NULL,NULL,NULL,NULL,'2024-12-29',10,320),
(539,NULL,NULL,NULL,NULL,'2024-11-11',3,320),
(540,NULL,NULL,NULL,NULL,'2024-01-20',2,319),
(541,NULL,NULL,NULL,NULL,'2024-07-24',6,313),
(542,NULL,NULL,NULL,NULL,'2024-06-16',1,313),
(543,NULL,NULL,NULL,NULL,'2024-05-11',5,313),
(544,NULL,NULL,NULL,NULL,'2024-05-05',2,285),
(545,NULL,NULL,NULL,NULL,'2024-05-26',1,295),
(546,NULL,NULL,NULL,NULL,'2024-09-29',2,295),
(547,NULL,NULL,NULL,NULL,'2024-11-10',2,295),
(548,NULL,NULL,NULL,NULL,'2024-02-24',9,309),
(549,NULL,NULL,NULL,NULL,'2024-09-15',5,309),
(550,NULL,NULL,NULL,NULL,'2024-04-24',8,308),
(551,NULL,NULL,NULL,NULL,'2024-07-03',3,331),
(552,NULL,NULL,NULL,NULL,'2024-06-15',2,283),
(553,NULL,NULL,NULL,NULL,'2024-05-12',9,283),
(554,NULL,NULL,NULL,NULL,'2024-02-06',7,283),
(555,NULL,NULL,NULL,NULL,'2024-09-08',10,311),
(556,NULL,NULL,NULL,NULL,'2024-06-25',3,332),
(557,NULL,NULL,NULL,NULL,'2024-10-26',9,332),
(558,NULL,NULL,NULL,NULL,'2024-09-05',5,332),
(559,NULL,NULL,NULL,NULL,'2024-11-03',2,300),
(560,NULL,NULL,NULL,NULL,'2024-03-23',1,300),
(561,NULL,NULL,NULL,NULL,'2024-01-21',10,300),
(562,NULL,NULL,NULL,NULL,'2024-06-25',4,312),
(563,NULL,NULL,NULL,NULL,'2024-09-26',8,289),
(564,NULL,NULL,NULL,NULL,'2024-10-28',4,289),
(565,NULL,NULL,NULL,NULL,'2024-12-26',7,289),
(566,NULL,NULL,NULL,NULL,'2024-04-11',3,315),
(567,NULL,NULL,NULL,NULL,'2024-11-05',8,315),
(568,NULL,NULL,NULL,NULL,'2024-08-17',5,294),
(569,NULL,NULL,NULL,NULL,'2024-01-01',2,294),
(570,NULL,NULL,NULL,NULL,'2024-06-22',1,286),
(571,NULL,NULL,NULL,NULL,'2024-05-09',7,286),
(572,NULL,NULL,NULL,NULL,'2024-06-02',4,286),
(573,NULL,NULL,NULL,NULL,'2024-03-07',2,290),
(574,NULL,NULL,NULL,NULL,'2024-01-27',10,290),
(575,NULL,NULL,NULL,NULL,'2024-10-19',6,336),
(576,NULL,NULL,NULL,NULL,'2024-04-09',10,292),
(577,NULL,NULL,NULL,NULL,'2024-04-26',3,292),
(578,NULL,NULL,NULL,NULL,'2024-03-29',7,329),
(579,NULL,NULL,NULL,NULL,'2024-01-25',4,329),
(580,NULL,NULL,NULL,NULL,'2024-01-24',10,329),
(581,NULL,NULL,NULL,NULL,'2024-06-15',1,327),
(582,NULL,NULL,NULL,NULL,'2024-08-08',1,327),
(583,NULL,NULL,NULL,NULL,'2024-05-12',8,327),
(584,NULL,NULL,NULL,NULL,'2024-04-08',6,318),
(585,NULL,NULL,NULL,NULL,'2024-04-24',9,318),
(586,NULL,NULL,NULL,NULL,'2024-05-06',7,318),
(587,NULL,NULL,NULL,NULL,'2024-05-20',10,288),
(588,NULL,NULL,NULL,NULL,'2024-02-24',4,288),
(589,NULL,NULL,NULL,NULL,'2024-01-28',6,288),
(590,NULL,NULL,NULL,NULL,'2024-02-08',2,314),
(591,NULL,NULL,NULL,NULL,'2024-01-25',10,284),
(592,NULL,NULL,NULL,NULL,'2024-04-03',7,284),
(593,NULL,NULL,NULL,NULL,'2024-10-03',4,284),
(594,NULL,NULL,NULL,NULL,'2024-10-31',2,296),
(595,NULL,NULL,NULL,NULL,'2024-06-27',4,296),
(596,NULL,NULL,NULL,NULL,'2024-10-24',8,296),
(597,NULL,NULL,NULL,NULL,'2024-05-11',3,328),
(598,NULL,NULL,NULL,NULL,'2024-04-13',7,328),
(599,NULL,NULL,NULL,NULL,'2024-07-15',5,316),
(600,NULL,NULL,NULL,NULL,'2024-05-13',8,316),
(601,NULL,NULL,NULL,NULL,'2024-11-04',8,304),
(602,NULL,NULL,NULL,NULL,'2024-09-23',10,304),
(603,NULL,NULL,NULL,NULL,'2024-12-23',8,301),
(604,NULL,NULL,NULL,NULL,'2024-03-12',9,299),
(605,NULL,NULL,NULL,NULL,'2024-04-20',6,299),
(606,NULL,NULL,NULL,NULL,'2024-10-13',10,299),
(607,NULL,NULL,NULL,NULL,'2024-08-13',5,323),
(608,NULL,NULL,NULL,NULL,'2024-05-30',9,323),
(609,NULL,NULL,NULL,NULL,'2024-07-02',5,306),
(610,NULL,NULL,NULL,NULL,'2024-05-13',4,306),
(611,NULL,NULL,NULL,NULL,'2024-02-19',5,310);
